,INPUT:id,OUTPUT:result,latex
0,440,омега равно два пи эф,\omega =2\pi f
1,441,игрек в степени ай запятая джей,"y_{i,j}"
2,442,скобка открывается а от нулевой степени до а энной степени скобка закрывается,"(a_{0},a_{1},...a_{N})"
3,443,дельта тэ равно тэ в степени и минус тэ в степени и минус один,\Delta t=t_{i}-t_{i-1}
4,444,эр принадлежит ку,r\in \mathbb {Q} 
5,445,е скобка открывается пэ скобка закрывается,E(P)
6,446,икс скобка открывается тэ скобка закрывается,x(\tau )
7,447,лямбда ,\lambda 
8,448,пи в степени вэ точка,\pi _{v}.
9,449,абсолютная величина точки в степени вэ,|\cdot |_{v}
10,680,пи икс,p_{x}
11,681,зе,z
12,682,эф равно эм а запятая ,"\mathbf {F} =m\mathbf {a} ,"
13,683,ка два,k_{2}
14,684,икс плюс икс плюс многоточие плюс икс,x+x+\cdots +x
15,685,пи,{\mathcal {P}}
16,686,а примерно эр,A\subseteq \mathbb {R} 
17,687,си же запятая ,"\mathbb {C} ^{n},"
18,688,эн равно один,n=1
19,689,а тэ равно эр а запятая ,a_{t}=r\alpha .
20,240,вэ  в и,\mathbf {V} _{i}
21,241,эф от икс дэ эл,(F)X_{d}(L)
22,242,предел джи от икс равно бэ икс стремится к а,\lim _{x\to a}g(x)=b
23,243,эм равно два три,"m=2,3"
24,244,эм умножить на эн,mn
25,245,единица принадлежит к ка икс вэ,1\in K_{v}^{\times }
26,246,икс принадлежит к ка икс вэ,"x\in K_{v}^{\times },"
27,247,множество е ка  ка принадлежит к зэд,\{e_{k}\mid k\in Z\}
28,248,производная от икс равно производная от икс,"F\,'(x)=G\,'(x)"
29,249,ноль целых девятьсот девяносто девять тысячных равно единице,"0.999\ldots =1,"
30,700,джи в степени,{\widehat {G}}.
31,701,зэд от нуля равно пэ ка разделить на а,Z_{0}={\frac {\rho c}{A}}.
32,702,эн принадлежит к множеству натуральных чисел,n\in \mathbb {N} .
33,703,множество бэ нулевое бэ один бэ два,"(b_{0},b_{1},b_{2},\ldots )"
34,704,и пэ тэ кси ти игрек эл е примерно равно,\scriptstyle \approx 
35,705,джи эл от двух,\operatorname {GL} (2)
36,706,единица плюс котангенс в квадрате от а равно косинус квадратный от а,1+\cot ^{2}A=\csc ^{2}A\ 
37,707,и квадрат или,\Lambda ^{2}V
38,708,игрек,y
39,709,вэ равно вэ эр,\mathbf {v} =W\mathbf {r} .
40,50,тау,t
41,51, топологическое замыкание каппа,\operatorname {Cl} _{K}
42,52,образом фи после применения функции к икс будет игрик,"\varphi :X\mapsto y,"
43,53,а бэ цэ стремяться к нулю,"a,b,c\rightarrow 0"
44,54,эл вэ,L_{v}
45,55,ти джей,t_{j}
46,56,"а эр бэ верны тогда и только тогда, когда бэ эр а верно",aRb\Leftrightarrow bRa
47,57,"и равно эл, многоточие ка","i=1,\ldots ,k,"
48,58,эр и,\mathbf {r} _{i}
49,59,а бэ,"A,B"
50,490,эр производная равно эр косинус дельта а,R'=R\cos \delta _{A}
51,491,игрек равно икс квадрат,y=x^{2}
52,492,игрек от эс равно джи от эс плюс и бэ от эс,"y(s)=g(s)+ib(s),"
53,493,ку от вэ,Q_{v}
54,494,эта умножить на вета принадлежит вэ от альфа,\eta \beta \in W_{\alpha }
55,495,эн от эл деленная на ка от а принадлежит эл ка,N_{L/K}(\alpha )\in I_{K}.
56,496,икс от и,x_{i}^{*}
57,497,зэд равно единице,z\not =1
58,498,пэ эйдж от о а от и,"pha _{o},\alpha _{i})"
59,499,бэ от ка,b_{k}
60,400,эль скобка открывается икс запятая эс скобка закрывается,"L(\chi ,s)"
61,401,дельта вэ,\Delta \mathbf {v} 
62,402,у принадлежит эр в степени икс,U\subset R^{\times }
63,403,пэ нулевое запятая,"P_{0},"
64,404,пэ,{\mathfrak {p}}
65,405,эс скобка открывается эф в степени икс запятая эф в степени игрек скобка закрывается,"S\left(f_{X},f_{Y}\right)"
66,406,эн икс равно игрек,nx=y
67,407,пэ,\mathbf {p} 
68,408,линейное а плюс бэ равно эс умножить скобка открывается а плюс бэ скобка закрывается,|a+b|=s(a+b)
69,409,е в степени икс,E_{x}
70,650,е равно эл,"E=L,"
71,651,четыре пи эр в кубе разделить на три,4\pi r^{3}/3
72,652,производная от о принадлежит вета,O'\in {\mathcal {B}}
73,653,е в минус и ка эр разделить на эр,{\frac {e^{-ikr}}{r}}
74,654,зэд от двух,\mathbb {Z} _{2}
75,655,пси,\Psi 
76,656,ноль целых девятьсот девяносто девять тысячных,0.999\ldots 
77,657,ка,"K,"
78,658,эл от ка примерно равно эм умножить на эл от единице по ка,I_{K}\cong M\times I_{K}^{1}.
79,659,зэд от эр,Z_{\mathbb {R} }
80,830,восемь пи разделить на три,8\pi /3
81,831,эф по двум умножить на модуль икс,\mathbb {F} _{2}[x]
82,832,е,e.
83,833,а от нуля,\alpha _{0}
84,834,эм бэ дэ а равно два пи на ка,mbda ={\frac {2\pi }{k}}
85,835,ка разделить на эл,K/L
86,836,эс от пяти,S_{5}
87,837,икс в энной степени,x^{n}
88,838,два плюс два равно четыре,2+2=4
89,839,эф,F
90,340,икс нижний регистр эн минус а не принадлежит у большое,x_{n}-a\notin U
91,341,вэ точка,v.
92,342,е верхний регистр звездочка чстрелка с чертой производная е,e^{\star }\mapsto e'
93,343,эр большое нижний регистр плюс,\mathbb {R} _{+}
94,344,эф скобка открывается эф скобка открывается минус четыре запятая ноль скобка закрывается запятая плюс четыре скобка закрывается равно плюс один,"f(f(-4,0),+4)=+1"
95,345,ро нижний регистр эс большое,\rho _{S}
96,346,действительная часть комплексного числа скобка открывается зэта скобка закрывается равно икс,\operatorname {Re} (z)=x
97,347,а равно скобка открывается а первое запятая а второе запятая троеточие запятая а энное скобка закрывается,"a=(a_{1},a_{2},\dots ,a_{n})"
98,348,модуль икс равно минус икс больше ноль,|x|=-x>0
99,349,дельта приблизительно равно дэ разделить на дэ большое,\delta \approx d/D
100,1030,эр в энной степени,\mathbb {R} ^{n}
101,1031,эр умножить на эа,R\times R
102,1032,эф индекс в икс в игрек,f:X\to Y
103,1033,вэ,w
104,1034,ви,\mathbf {v} 
105,1035,а,a_{\perp }
106,1036,эф икс равно единица плюс икс в альфа,"f(x)=(1+x)^{\alpha },"
107,1037,модуль периода в пэ,|\cdot |_{p}
108,1038, икс меньше нуля,x<0
109,1039,тхэта равно сигма умножить на корень шестой степени из двух,\theta =\zeta {\sqrt[{6}]{2}}
110,1320,икс запятая игрек принадлежит эс,"x,y\in S."
111,1321,пэ запятая,"p,"
112,1322,кэ в степени один,k_{1}
113,1323,и в степени б,I_{b}
114,1324,о скобка открывается эн в степени два скобка закрывается точка,O(n^{2}).
115,1325,икс в минус первой степени равно игрек,x^{-1}=y
116,1326,дабл ю запятая дабл ю обращенная назад,"w,w'"
117,1327,бэ равно бэ один плюс и бэ два,b=b_{1}+ib_{2}
118,1328,а равно скобка открывается а в степени вэ скобка закрывается степени вэ принадлежит и в степени кэ,a=(a_{v})_{v}\in I_{K}
119,1329,линейное значение альфы в степени пэ больше одного,|\alpha _{p}|>1.
120,900,кю пэ делить на зэт пи,\mathbb {Q} _{p}/Z_{p}
121,901,бэ плюс пэ эл делённое на два,B+{\frac {PL}{2}}
122,902,синус а равен единице делённой на косинус а,\sin A={\frac {1}{\csc A}}
123,903,вэ не равно вэ ноль,v\neq v_{0}.
124,904,зэт пэ,\mathbb {Z} _{p}.
125,905,ка один факториал ка два факториал многоточие ка эм факториал,"k_{1}!\,k_{2}!\cdots k_{m}!"
126,906,функция эс от тэ,\mathbf {s} (t)
127,907,сумма ряда а эн б эн,\sum a_{n}b_{n}
128,908,икс один многоточие икс эн,"x_{1},\ldots ,x_{n}"
129,909,лимит икс стремиться к пэ в степени плюс функции икс равен эл,\lim _{x\to p^{+}}f(x)=L
130,910,икс стремится к пэ,x\to p
131,911,и пэ тэ эс тэ игрек эл е приблизительно,\scriptstyle \sim 
132,912,цэ умножить на цэ от икс равно цэ от икс,C(C(x))=C(x)
133,913,сходство фэ,{\tilde {f}}
134,914,джи от икс равно нулю,G(x)=0
135,915,икс один плюс икс два плюс икс три плюс икс четыре равно три,x_{1}+x_{2}+x_{3}+x_{4}=3
136,916,вэ пэ от икс равно эн,v_{\mathfrak {p}}(x)=n
137,917,фэ в джи,f^{g}
138,918,ипсилон,u.
139,919,надмножество,\supset 
140,370,пи три,p_{3}
141,371,игрек икс игрек икс икс,YXYXX
142,372,минус эм умножить зэд умножить на омега в кквадрате,-m\cdot z\cdot \omega ^{2}
143,373,множество ку от кси эн,\mathbb {Q} (\zeta _{n})
144,374,два бэ плюс пи эйдж,2B+Ph
145,375,дельта минус кси,\delta -\epsilon 
146,376,е ноль ноль равно единица,"E(0,0)=1"
147,377,бэ по эн равно тэ по эн эн,"b_{n}=T_{n,n}"
148,378,омега по двум,\omega _{2}
149,379,эф мультипликативная группа,f^{*}
150,930,эм больше эн,m>n
151,931,множество ноль ноль цэ ноль один,"(0,0,\dotsc ,0,1)"
152,932,е по зэд,E_{z}
153,933,множество вэ,\{v\}.
154,934,цэ по ка в эн,C_{k}^{n}
155,935,сходство фэ,{\tilde {\Phi }}
156,936,эн,{\hat {\mathbf {n} }}
157,937,ноль,"O,"
158,938,икс минус игрек минус зэд равно икс минус игрек минус зэд,x-y-z=(x-y)-z
159,939,а разделить на тэ от а,A/T(A)
160,500,альфа по а минус альфа по бэ намного меньше единицы ,\alpha _{A}-\alpha _{B}\ll 1
161,501,пэ по икс,P(x)
162,502,эф по рем умножить на модуль икс,\mathbb {F} _{3}[x]
163,503,модуль икс равно икс,|x|=x
164,504,е тэ а по нулю вета по и,"eta _{o},\beta _{i})"
165,505,цэ по ка в эн равно пэ по ка в эн разделить на ка,C_{k}^{n}=P_{k}^{n}/k!
166,506,ку от икс,\mathbb {Q} (x)
167,507,икс по двум игрек по двум равно нулю,"(x_{2},y_{2})=\mathbf {0} "
168,508,эр а цэ двенадцать,"rac {1}{2}}(1+{\sqrt {d}}\,)"
169,509,вэ перпендикуляр,\mathbf {v} _{\perp }
170,210,вэ ноль,v_{0}
171,211,два пи эр скобка открывается эр плюс аш скобка закрывается,2\pi r(r+h)
172,212,а е,\mathbb {A} _{E}
173,213,икс равно тэ,x=t
174,214,функция а джи с областью значения ай джи и областью определения а,A_{j}:I_{j}\to A
175,215,множество всех пределов последовательностей,\mathbb {R} .
176,216,эд пэ аш а ноль бета ноль скобка закрывается,"lpha _{o},\beta _{o})"
177,217,мультипликативная группа поля е является элементом множества е,e^{\star }\in E^{\star }.
178,218,функция а от тэ равна е в степени даблъю тэ умноженному на функцию а ноль,"A(t)=e^{Wt}A(0),"
179,219,каждый элемент из пэ ноль также является элементом из пэ,P\supset P_{0}.
180,220,тэ,T
181,221,цэ о эн по эл деленная на ка,\operatorname {con} _{L/K}
182,222,ипсилон,{\mathcal {U}}
183,223,ка по трем,k_{3}
184,224,омега от пэ,\Omega (P)
185,225,эл равно эл омега,L=I\omega .
186,226,бесконечность,\infty 
187,227,эн а равно нулю,nA=0
188,228,модуль пэ бесконечность равно эр плюс эс,|P_{\infty }|=r+s.
189,229,ка принадлежит зэд,k\in \mathbb {Z} 
190,570,интеграл косинус икс по дэ икс равно синус икс плюс цэ большое точка,"\int \cos(x)\,dx=\sin(x)+C."
191,571,интеграл эф от икс по дэ икс точка,"\int f(x)\,\mathrm {d} x."
192,572,предел эф от икс при икс стремящемся к пэ равно эль большое запятая,"\lim _{x\to p}f(x)=L,"
193,573,квадратный корень из эн,{\sqrt {n}}
194,574,эс большое нижний регистр эм,S_{m}
195,575,а итое,a_{i}
196,576,и пэ тэ эс тэ игрек эль е икс равно эль разделить на два,\scriptstyle x={\frac {b}{2}}
197,577,бэ большое равно два,B=2
198,578,конъюнкция у,\mathbf {\hat {u}} 
199,579,е верхний регистр и два пи кси большое икс запятая кси большое больше ноль,"e^{i2\pi \xi x},\xi >0"
200,60,зэд от тэ равно эр от тэ плюс и икс от тэ,"z(t)=r(t)+ix(t),"
201,61,пэ по зэд,p_{z}
202,62,тхэта равно два пи эр разделить на эр,\theta ={\frac {2\pi r}{r}}
203,63,лямбда ,{\mathcal {L}}
204,64,пэ равно пэ по бесконечности,P=P_{\infty }
205,65,предел эф от имк икс стремится к цэ равно эф от цэ,\lim _{x\to c}f(x)=f(c).
206,66,бета принадлежит у пересечение с ку,"\beta \in U\cap \mathbb {Q} ,"
207,67,цэ больше единицы,"C>1,"
208,68,равно эр омега,=r\omega 
209,69,эм по джи равно единице в цэ тау по джи равно нулю,m _{j=1}^{C}\tau _{j}=0
210,530,а по эф,A_{f}
211,531,цэ от тэ равно у от тэ вэ от тэ,"\mathbf {C} (t)=(u(t),v(t))"
212,532,треугольник равно бэ квадрат минус четыре а цэ,\Delta =b^{2}-4ac.
213,533,икс равно икс от вэ умножить на вэ,x=(x_{v})_{v}
214,534,цэ один равно единице,C_{1}=1
215,535,вэ неравно единице,w\neq 1
216,536,икс по и принадлежит отрезку икс по и минус один икс по и,"x_{i}^{*}\in [x_{i-1},x_{i}]"
217,537,цэ,c
218,538,эл равно эр квадрат эм омега,"L=r^{2}m\omega ,"
219,539,два дэ а разделить на дэ икс минус два равно а квадрат минус единица,2{\frac {dA}{dx}}-2=A^{2}-1
220,1040,пи делённое на три корня из трёх,{\frac {\pi }{3{\sqrt {3}}}}
221,1041,эн си ка,{}_{n}C_{k}
222,1042,дабл ю,W
223,1043,вектор зэ равен икс минус и игрик,{\bar {z}}=x-iy
224,1044,модуль зэ один равен кю,"|z_{1}|=Q,"
225,1045,функция вэ эпсилон равна нулю,v(\xi )=0
226,1046,эр ламбда джи,"r_{\lambda ,j}"
227,1047,функция эф икс плюс си,F(x)+C
228,1048,функция си икс,C(X)
229,1049,аргумент си эн,\arg(c_{n})
230,450,а принадлежит ку,a\in \mathbb {Q} .
231,451,зэд один принадлежит эл ка,"z_{1}\in I_{K},"
232,452,тхэта,\theta 
233,453,игрек принадлежит ку от тхэта,y\in \mathbb {Q} (\theta )
234,454,множество а по а в икс,"\mathbb {A} _{A}^{\times },"
235,455,икс квадрат плюс игрек квадрат минус а равно нулю,x^{2}+y^{2}-a=0
236,456,бэ равно единице,B=1
237,457,е влечет е тензорное произведение единица,e\mapsto e\otimes 1.
238,458,ка факториал,k!
239,459,икс от эс равно икс по эл от эс минус икс по цэ от эс,"X(s)=X_{L}(s)-X_{C}(s),"
240,540,эпсилон эр,\varepsilon _{\rm {r}}
241,541,а эл,\mathbb {A} _{L}
242,542,а умноженное на а стремиться к а,A\times A\rightarrow A
243,543,треугольник эф,\Delta f
244,544,целые числа эм эн,\mathbb {Z} _{mn}
245,545,синус а равен произведению косинуса а и тангенса а,\sin A=\cos A\cdot \tan A
246,546,означает икс является элементом множества тэ,"x\in T,"
247,547,пэ тэ,P_{t}
248,548,функция пэ икс равна разности произведения бэ икс и скс в квадрате,p(x)=bx-x^{2}
249,549,и ка,I_{K}
250,120,дельта тэ,\Delta t
251,121,множество а по е,\mathbb {A} _{E}.
252,122,разделить,\div 
253,123,дельта,\delta 
254,124,икс в кубе,x^{3}
255,125,корень из эн разделить на 2,{\frac {\sqrt {n}}{2}}
256,126,и по ка стремится к и по эл,I_{K}\to I_{L}
257,127,ка по вэ в икс,K_{v}^{\times }
258,128,предел а эн эн стремится к бесконечности равно нулю,\lim _{n\to \infty }a_{n}=0
259,129,эм минус эн,m-n
260,1050,эм,M
261,1051,а дабл вэ е ка вэ,a_{w}\in K_{v}
262,1052,ка меньше или равно дэ ка,k\leq d_{k}
263,1053,пи,{\widetilde {P}}
264,1054,и запятая джей равно один запятая троеточие запятая эн,"i,j=1,...,n"
265,1055,вэ меньше бесконечность,v<\infty 
266,1056,игрик равно икс,y=x
267,1057,скобка открывается дабл вэ скобка закрывается меньше одного,|w|<1
268,1058,эм эр в квадрате ,mr^{2}
269,1059,зе ноль равно пи цэ точка,z_{0}=\rho c.
270,320,ка по зэд,k_{z}
271,321,икс принадлежит пэ в эн,x\in {\mathfrak {p}}^{n}
272,322,у равно вэ на тэ,u=w/t
273,323,а,a
274,324,множество эр,\mathbb {R} 
275,325,икс минус а,x-a
276,326,ка а отображается эта от ка а,"(k,a)\mapsto \eta (k)a."
277,327,эф разделить на джи,f/g
278,328,период,(\cdot )
279,329,один минус два плюс четыре минус восемь,1-2+4-8\ldots 
280,1300,эйч,\mathbb {H} 
281,1301,эр,{\dot {r}}
282,1302,о,0}
283,1303,ку скобка открывается тэ скобка закрывается равно скобка открывается джи умножить на пи скобка закрывается скобка открывается тэ скобка закрывается запятая ,"Q(t)=[G*p](t),"
284,1304,эм эн в степени бесконечность равно один эн,m _{n=1}^{\infty }n
285,1305,лимит икс стремится к бесконечности эф скобка открывается икс скобка закрывается равно эль запятая,"\lim _{x\to \infty }f(x)=L,"
286,1306,икс игрик икс икс игрик,XYXXY
287,1307,эн стремится к бесконечности ,n\to \infty 
288,1308,скобка открывается зе скобка закрывается равно эр точка,|z|=r.
289,1309,альфа минус бетта е дабл вэ точка,\alpha -\beta \in W.
290,1330,один три семь пятнадцать,"1,3,7,15,\ldots ;"
291,1331,а в тэ,A^{\mathrm {T} }
292,1332,эм по вэ,M_{v}
293,1333,эта,\eta 
294,1334,а равно интеграл по а в бэ эф от икс дэ икс,"A=\int _{a}^{b}f(x)\,dx."
295,1335,интеграл,\int 
296,1336,и по ка в единице,I_{K}^{1}
297,1337,эл,\ell 
298,1338,а равно одна вторая бэ эн,A={\frac {1}{2}}bh
299,1339,для любых  существует,"\forall ,\exists "
300,1120,икс от эс равно икс по эл от эс минус икс по цэ от эс,"x(s)=x_{L}(s)-x_{C}(s),"
301,1121,эс умножить на икс меньше или равно модуль икс,s\cdot x\leq |x|
302,1122,а по пэ принадлежит зэд по пэ,a_{p}\in \mathbf {Z} _{p}
303,1123,ка по у,k_{u}
304,1124,бета принадлежит как в икс,"\beta \in K^{\times },"
305,1125,дельта от эпсилон стремится к нулю,\delta (\varepsilon )\to 0
306,1126,ку,\sigma 
307,1127,а плюс бэ и плюс цэ плюс дэ и равно а плюс цэ плюс бэ плюс ,(a+bi)+(c+di)=(a+c)+(b+d)i.
308,1128,зэ от эс равно эр от эс плюс и икс от эс,"z(s)=r(s)+ix(s),"
309,1129,четыре пи,4\pi 
310,760,е в степени минус дабл-ю разделить на тэ,e^{-w/t}
311,761,игрек равно два,y=2.
312,762,икс первое запятая троеточие икс энное принадлежит а большое,"x_{1},\dots x_{n}\in A"
313,763,пэ большое,P
314,764,зэта большое нижний регистр пэ верхний регистр эн,\mathbb {Z} _{p}^{n}
315,765,конъюнкция эр,{\hat {r}}
316,766,а большое верхний регистр икс,A^{\times }
317,767,икс энное,x_{n}
318,768,зэта равно ноль,z=0
319,769,эр в квадрате эм,r^{2}m
320,1250,эф фи равно вэ,{f\lambda }=v
321,1251,джи эль,\mathrm {GL} 
322,1252,игрик равно эф скобка открывается икс скобка закрывается запятая,"y=f(x),"
323,1253,е больше нуля,\varepsilon >0
324,1254,скобка открывается зе скобка закрывается ,|z|
325,1255,скобка открывается а запятая бэ скобка закрывается плюс скобка открывается цэ запятая дэ скобка равно скобка открывается а плюс цэ запятая бэ плюс дэ скобка точка,"(a,b)+(c,d)=(a+c,b+d)."
326,1256,плюс один умножить на икс меньше или равно скобка открывается икс скобка закрывается ,+1\cdot x\leq |x|
327,1257,тэ эф скобка открывается икс скобка закрывается дэ икс равно эф скобка открывается икс скобка закрывается плюс цэ,"t f(x)\,dx=F(x)+C"
328,1258,а меньше нуля,a<0
329,1259,синус а примерно а,\sin a\approx a
330,740,ка минус один джи минус один,"(k-1,j-1)"
331,741,икс по и,X_{i}
332,742,а по вэ равно а по производной вэ,a_{w}=a_{w'}
333,743,а,A.
334,744,о,o}
335,745,эл равно эр эм эр омега,L=rmr\omega .
336,746,лямбда равно четыре умножить на скобки эл плюс ноль целых четыре десятых дэ,\lambda ={4(L+0.4d)}
337,747,дэ мю равно эф дэ лямбда,"d\mu =f\,d\lambda "
338,748,джи в кубе,g^{3}
339,749,сумма и равно эс по эф от и,\sum _{i=s}^{\infty }f(i)
340,510,производная а равно альфа по а в минус первой,\alpha '=\alpha a^{-1}
341,511,джи а эл от эйдж разделить на ка,\operatorname {Gal} (H/K)
342,512,вэ по эл,\mathbf {v} _{\|}
343,513,е в два пи и ка икс,e^{2\pi ikx}
344,514,игрек равно корень квадратный из один минус икс квадрат,y={\sqrt {1-x^{2}}}.
345,515,е по и и равно один два три,"\mathbf {e} _{i},i=1,2,3,"
346,516,цэ от икс равно икс,C(X)=X
347,517,эл равно эр эм вэ перпендикуляр,"L=rmv_{\perp },"
348,518,эн по тэ минус эл,n_{T}-I
349,519,эр фи в периоде,r{\dot {\varphi }}
350,720,множество а по эн,(a_{n})
351,721,эл равно эр квадрат эм умножить на вэ деленная на эр,"L=r^{2}m\cdot {\frac {v}{r}},"
352,722,е по и,e_{i}
353,723,два в степени икс плюс три,2^{x+3}
354,724,предел эф от икс где икс стремится к а равно нулю,\lim _{x\to a}f(x)=0
355,725,зэд по ка два равно и,"Z_{k,2}=i"
356,726,пси от эр,\psi (\mathbf {r} )
357,727,тау по вэ разделить на эл стремится к эл по вэ,\tau _{w}:L\to L_{w}
358,728,минус икс,-x
359,729,цэ эйдж а эр по ка равно пэ больше нуля,\operatorname {char} (K)=p>0.
360,30,множество производной а равно эм множество а  эксклюзивное множество вэ,"\{a'\}=M\{a\}\oplus \{v\},"
361,31,фэ от икс игрек равно икс плюс игрек разделить на два,"f(x,y)={\frac {x+y}{2}},"
362,32,а по вэ умножить на а по вэ,\alpha _{v}\times \alpha _{v}
363,33,эн по и больше единицы,n_{i}>1.
364,34,е мультипликативная группа,E^{\star }
365,35,ноль целых сто одиннадцать тысячных,0.111\ldots 
366,36,а бэ принадлежит к ка,"a,b\in K"
367,37,пи эр умножить на эр плюс и,"\pi r(r+l)\,\!"
368,38,модуль производной эф от тэ,\left|f'(t)\right|
369,39,эр е альфа больше нуля,\operatorname {Re} \alpha >0
370,90,ка большое подмножество цэ большое,K\subseteq \mathbb {C} 
371,91,два ка нижний регистр игрек,2k_{y}
372,92,икс в степени игрек зэта равно икс в степени скобка открывается игрек зэта скобка закрывается,x^{yz}=x^{(yz)}
373,93,цэ большое,C
374,94,скобка открывается эр большое запятая плюс скобка закрывается,"(\mathbb {R} ,+)"
375,95,цэ большое нижний регистр ка равно и большое нижний регистр ка разделить на ка большое в степени икс точка,C_{K}\ =\ I_{K}/K^{\times }.
376,96,эль большое нижний регистр е ку равно эль большое плюс ноль целых восемьдесят пять сотых дэ,L_{eq}=L+0.85d
377,97,зэта большое разделить на эн зэта большое,\mathbb {Z} /n\mathbb {Z} 
378,98,ка равно два пи эф разделить на вэ,k=2\pi f/v
379,99,эм итое,m_{i}
380,1260,эр по и,\mathbf {R} _{i}
381,1261,предел эф от икс где икс стремится к пэ равно эл,\lim _{x\to p}f(x)=L
382,1262,у по пэ умножить на пэ,(u_{p})_{p}
383,1263,а по вэ,(a_{\nu })
384,1264,бэта по пэ меньше или равно единице,|\beta |_{p}\leq 1
385,1265,дэ эр разделить дэ тэ,{\frac {dr}{dt}}
386,1266,е от пэ равно ка от пэ в икс,"E(P)=K(P)^{\times },"
387,1267,эф от икс икс равно нулю,"f(x,x)=0."
388,1268,ка по и от икс по и,K_{i}(x_{i}).
389,1269,вэ ,"v_{|\cdot |},"
390,480,альфа е эль запятая,"\alpha \in L,"
391,481,эль ка точка,I_{K}.
392,482,альфа е цэ,\alpha \in \mathbb {C} 
393,483,эн равно эн минус один ,N=n-1
394,484,сигма вэ равно одному ,\delta _{v}=1
395,485,эль зэ,L_{z}
396,486,минус скобка открывается а эм минус а эм плюс один скобка закрывается ,-(a_{m}-a_{m+1})
397,487,а о,\mathbf {A} \theta 
398,488,пи запятая ку е а,"P,Q\in {\mathcal {A}}"
399,489,эйч скобка открывается икс скобка закрывается равно эр скобка открывается эф скобка открывается икс двойная скобка закрывается ,h(x)=\Re {(f(x))}
400,270,ро функциональная композиция джи равно вэ ро вэ,\rho \circ j=W\rho W^{*}.
401,271,и пэ тэ эс тэ игрек эл и икс плюс е,\scriptstyle x+e
402,272,эф разделить множество а вбэ стремится к множеству эр в эн,"f:[a,b]\to \mathbb {R} ^{n}"
403,273,эпсилон равно эйдж эс и эн тхэта,\epsilon =h\sin \theta 
404,274,икс относится к а,x\in A.
405,275,бэ по эн больше или равно бэ по эн плюс один,b_{n}\geq b_{n+1}
406,276,эл равно эр синус тхэта эм вэ,"L=r\sin(\theta )mv,"
407,277,косинус икс,\cos(x)
408,278,эф джи разделить на джи стремится к эйдж,"f,g:G\to H"
409,279,тэ от а функциональная композиция а разделить на тэ от а,T(A)\oplus A/T(A)
410,590,игрик равно эф скобка открывается икс скобка закрывается,y=f(x)
411,591,скобка открывается икс скобка закрывается эс джи эн скобка открывается икс скобка закрывается равно икс запятая,"|x|\operatorname {sgn}(x)=x,"
412,592,дабл вэ один,\omega _{1}
413,593,бесконечность запятая,"\infty ,"
414,594,ка равно ку скобка открывается икс скобка закрывается,K=\mathbb {Q} (x)
415,595,о вэ,\theta _{v}
416,596,корень из одного минус икс в квадрате,{\sqrt {1-x^{2}}}
417,597,эф скобка открывается дабл вэ скобка закрывается,F(\omega )
418,598,кью равно одному ,q=1
419,599,икс стремится к эль,\ x\to L\ 
420,1110,тхэта по зэд,{\dot {\theta }}_{z}
421,1111,и по ка в первой умножить на ка в икс,I_{K}^{1}/K^{\times }
422,1112,о умножить на икс игрек,"o(x,y)"
423,1113,эф умножить на два умножить на скобки эл плюс ноль целых шесть десятых дэ равно вэ,{f(2(L+0.6d))}=v
424,1114,вэ по нулю,V_{0}
425,1115,эф разделить на у стремится к цэ,f:U\to \mathbb {C} 
426,1116,а равно пи икс игрек,A=\pi xy.
427,1117,ка по вэ равно нулю,k_{v}=0
428,1118,дэ в о умножить на эн квадрат,d^{O(n^{2})}
429,1119,икс от тэ равно икс от по эл от тэ минус икс по цэ от тэ,X(t)=X_{L}(t)-X_{C}(t).
430,390,икс от тэ равно икс по эл от тэ минус икс по цэ от тэ,x(t)=x_{L}(t)-x_{C}(t).
431,391,ка принадлежит зэд,k\in Z
432,392,дельта икс,\Delta x
433,393,лямбда подразумевает зэд от лямбда,\lambda \mapsto z(\lambda )
434,394,пэ от минус один меньше нуля,P(-1)<0
435,395,один плюс один плюс один плюс равно икс минус икс равно нулю,1+1+1+\ldots =x-x=0
436,396, множество икс игрек зэд,"(x,y,z)"
437,397,эф,{\hat {f}}
438,398,вэ а по вэ в икс,"v,A_{v}^{\times }"
439,399,джи,g
440,1310,бэ а,BA
441,1311,е по ка от икс,e_{k}(x)
442,1312,эс равно двум,S=2
443,1313,лямбда принадлежит лямбда,\lambda \in \Lambda 
444,1314,эр по зэд,r_{z}
445,1315,бета принадлежит множеству зэд,\beta \in \mathbb {Z} .
446,1316,эн плюс один,n+1
447,1317,ка в эн,K^{n}
448,1318,е,E.
449,1319,производная вэ и вэ,w'|v
450,610,а по ку,\mathbb {A} _{\mathbb {Q} }
451,611,производная пэ,P'
452,612,эс по эн,{\mathcal {S}}_{n}
453,613,множество икс по и игрек по и,"(x_{i},y_{i})"
454,614,е равно мю от ка,"E=\mu (K),"
455,615,икс равно а умножить на десять в бэ,x=a\times 10^{b}
456,616,эр по игрек,r_{y}
457,617,а по е,\mathbb {A} _{E}^{\star }
458,618,фи,{\hat {\varphi }}
459,619,а равно ка,A=K
460,1010,а,\mathbb {A} 
461,1011,альфа является элементом множества а ка,\alpha \in \mathbb {A} _{K}
462,1012,равносильность,\Leftrightarrow 
463,1013,скобка открывается косинус а минус косинус бэ скобка закрывается в квадрате приблизительно равно нулю,(\cos a-\cos b)^{2}\approx 0
464,1014,си ка,C_{K}
465,1015,пси от икс игрик зэт,"\psi (x,y,z)"
466,1016,икс,\chi 
467,1017,е приблизительно равно ка в степени эн,E\cong K^{n}.
468,1018,эр равно одна вторая,r={\frac {1}{2}}
469,1019,у равно нулю,U=0.
470,690,вэ равно нулю,"\mathbf {V} =\mathbf {0} ,"
471,691,омега,\omega 
472,692,ноль минус один не равно один минус ноль,0-1\neq 1-0
473,693,фи разделить на множество а бэ стремится к множеству цэ дэ,"\varphi :[a,b]\to [c,d]"
474,694,предел эф от икс где икс стремится к а равно эл,\lim _{x\to a}f(x)=L
475,695,ипсилон,\gamma 
476,696,вэ по пэ принадлежит к множеству зэд,v_{p}\in \mathbb {Z} 
477,697,зэд по эн,\mathbb {Z} _{n}
478,698,два умножить на корень из единица минус игрек в квадрате,2{\sqrt {1-y^{2}}}
479,699,ка по вэ,K_{v}.
480,1160,о в икс,{\widehat {O}}^{\times }
481,1161,а по вэ,A_{v}.
482,1162,эр е альфа меньше нуля,\operatorname {Re} \alpha <0
483,1163,ноль меньше модуля по икс минус а меньше дельта,0<|x-a|<\delta 
484,1164,единица плюс ноль плюс ноль плюс ноль равно ноль,1+0+0+0+\ldots =0
485,1165,вэ меньше бесконечности дэ икс по вэ,"v<\infty ,dx_{v}"
486,1166,эф по ка,F_{k}
487,1167,дэ по и и,"d_{i,i}"
488,1168,эф по один от дзеты,{\hat {f}}_{1}(\xi )
489,1169,дельта по а минус дельта по бэ намного меньше единицы,\delta _{A}-\delta _{B}\ll 1
490,980,синус цэ синус а синус бэ,\sin c\sin a\sin B
491,981,цэ скобка открывается эн запятая ка скобка закрывается ,"C(n,k)"
492,982,эль,L
493,983,икс в квадрате плюс игрик в квадрате плюс зет в квадрате минус один равно ноль запятая ,"x^{2}+y^{2}+z^{2}-1=0,\,"
494,984,зет,\mathbb {Z} 
495,985,дэ,d
496,986,скобка открывается е скобка закрывается равно один ,|\xi |_{v}=1
497,987,эф скобка открывается икс скобка закрывается равно икс в степени эн,f(x)=x^{n}
498,988,минус один умножить на икс меньше или равно скобка открывается икс скобка закрывается ,-1\cdot x\leq |x|
499,989,а кей скобка открывается пи скобка закрывается точка,\mathbb {A} _{K}(P').
500,350,предел по эф от икс где икс стремится к а равно бесконечности,"\lim _{x\to a}f(x)=\infty ,"
501,351,эн,n
502,352,множество эл ка,[L:K]
503,353,джи относится к зэд по джи,G/Z(G)
504,354,пэ от минус два больше нуля,P(-2)>0
505,355,а принадлежит к эф,a\in F
506,356,синус цэ,\sin c
507,357,единица разделить на двенадцать умножить на корень из трех,"{\frac {1}{12{\sqrt {3}}}},"
508,358,а равно и плюс дэ умножить на эф от тэ,A=I+d\Phi (t)
509,359,омега по зэд,\omega _{z}
510,660,зэд от тэ равно эр от тэ плюс и икс от тэ,"Z(t)=R(t)+iX(t),"
511,661,эс по пяти,{\mathcal {S}}_{5}
512,662,произведение у по вэ,"\prod _{v}U_{v},"
513,663,эр в эн,\mathbb {R} ^{n\star }
514,664,ку равно пэ в эм,Q=p^{m}
515,665,тэ от а,T(A)
516,666,пи эр в квадрате плюс пи эр и,\pi r^{2}+\pi rl
517,667,джи функциональная композиция эф,"g\,\circ \,f"
518,668,эн больше модуля эс,N>|s|
519,669,цэ по пэ,\mathbb {C} _{p}
520,70,эф от икс равно два икс плюс один,f(x)=2x+1
521,71,один запятая два запятая три запятая шесть,"1,2,3,6."
522,72,икс в степени минус один,x^{-1}
523,73,вэ нижний регистр перпендикуляр ,v_{\perp }
524,74,эль большое разделить на ка большое,L/K.
525,75,пэ от тэ равно скобка квадратная открывается эр звездочка вэ скобка квадратная закрывается скобка открывается тэ скобка закрывается запятая,"p(t)=[r*v](t),"
526,76,одна вторая,{\frac {1}{2}}
527,77,икс равно числитель два тэ знаменатель один плюс тэ в квадрате,"x={\frac {2\,t}{1+t^{2}}}"
528,78,интеграл ота до бэ эф от икс по дэ икс точка,"\int _{a}^{b}f(x)\,dx."
529,79,эр большое,\mathbf {R} 
530,80,цэ равно пи дэ точка,C=\pi d.
531,81,тэ точка,t.
532,82,эр,R
533,83,икс,\times 
534,84,один запятая два запятая три запятая шесть запятая девять запятая восемнадцать запятая двадцать семь запятая пятьдесят четыре ,"1,2,3,6,9,18,27,54"
535,85,четыре пи а меньше или равно эль в квадрате ,"4\pi A\leq L^{2},"
536,86,скобка открывается а пэ скобка закрывается пэ равно один,|a_{p}|_{p}=1
537,87,эн икс два равно ноль,"nx_{2}=0,"
538,88,зет равно эф скобка открывается икс запятая игрик скобка закрывается запятая ,"z=f(x,y),"
539,89,ю в первой степени равно ю,u^{1}=u
540,820,модуль тэ равен единицэ,|T|=1
541,821,вэ по эф равно вэ тензорное произведение ка в эф,V_{F}:=V\otimes _{K}F
542,822,эф от икс минус эл,f^{*}(x)-L
543,823,эр по двум,\mathbf {r} _{2}
544,824,пэ по ка в эн равно цэ по ка в эн умножить на ка факториал,P_{k}^{n}=C_{k}^{n}\times k!
545,825,эф от а,f(A)
546,826,пять двенадцатых,{\frac {5}{12}}
547,827,эл по вэ,L_{w}.
548,828,вэ по нулю,{\acute {V}}_{0}
549,829,один два один три,1213
550,920,а по и джи,a_{ij}
551,921,ка по эр,K_{\mathfrak {p}}
552,922,четыре пи эр квадрат,4\pi r^{2}
553,923,производная множества а по ка от  вэ,"\mathbb {A} _{K}'(v),"
554,924,эф,f
555,925,эс множество а по ка эс,"S,\mathbb {A} _{K,S}"
556,926,мю по ка подмножество е,\mu (K)\subset E.
557,927,фи по зэд,\theta _{z}
558,928,модуль икс равно икс эс джи эн по икс,"|x|=x\operatorname {sgn}(x),"
559,929,эм,m
560,180,роу первая производная функции умножить на икс равно функция от минус икс,({\mathcal {P}}f)(x)=f(-x)
561,181,функция от икс эн,f(x_{n})
562,182,дэ равно бэ равно один,d=b=1
563,183,два умножить на эс равно сумма а бэ и цэ,"2S=(A+B+C),"
564,184,"бэтта является элементом множества минус один , один","\beta \in (-1,1)"
565,185,вэ умножить на эпсилон вэ равно нулю,v(\xi _{v})=0
566,186,рациональное число в квадрате,\mathbb {Q} ^{2}
567,187,целое число зэт пэ,\mathbb {Z} _{p}
568,188,косинус а,\cos A
569,189,рациональное число эр,\mathbb {Q} _{r}
570,160,икс равно минус один,x=-1
571,161,а по ка,\mathbb {A} _{K}
572,162,ку от фи,\mathbb {Q} (\theta )
573,163,эс равно фи,s=\theta 
574,164,один икс икс два икс три,"1,x,x^{2},x^{3},\ldots "
575,165,ка по тэ меньше ка,k_{T}<k
576,166,эм а по эн,m a_{n}
577,167,пи,\pi 
578,168,предел от зэд равно игрек,\operatorname {Im} (z)=y
579,169,сумма лямбда по и где и принадлежит эл равно единице,\sum _{i\in I}\lambda _{i}=1
580,580,период период,"[{\cdot },{\cdot }]"
581,581,эс равно плюс минус один,s=\pm 1
582,582,эф по и,f_{i}
583,583,джи от икс равно эф от икс плюс цэ,G(x)=F(x)+c
584,584,о умножить на тэ от эн логарифм эн,O\left(T(n)\log n\right).
585,585,ка равно ку от фи,K=\mathbb {Q} (\theta )
586,586,в скобках пять минус три минус два неравно пять минус в скобках три минус два,"(5-3)-2\,\neq \,5-(3-2)"
587,587,ка по эн,K_{n}
588,588,тэ по тэ,T_{t}
589,589,вэ а цэ,{\widehat {\rm {BAC}}}
590,560,а по эл,\mathbb {A} _{L}.
591,561,дэ вэ перпендикуляр разделить на дэ тэ,{\frac {dv_{\perp }}{dt}}
592,562,игрек равно два икс,y=2x.
593,563,синус икс плюс один,\sin(x)+1
594,564,эс равно у эм вэ,"S=UMV,"
595,565,дэ икс,dx
596,566,а равно а от тэ,A=A(t)
597,567,лямбда равно два умножить на скобки эл плюс ноль целых шесть десятых дэ,\lambda ={2(L+0.6d)}
598,568,эн больше или равно нуля,"n\geq 0,"
599,569,три плюс три плюс три плюс три равно двенадцати,3+3+3+3=12
600,1150,игрек равно икс деленая на два,y=x/2
601,1151,минус эн умножить на икс равно минус эн икс,(-n)x=-(nx)
602,1152,модуль периода по вэ,|\cdot |_{w}
603,1153,вэ равно эр омега,v=r\omega 
604,1154,кси принадлежит ка,\xi \in K
605,1155,игрек от тэ равно джи от тэ плюс и бэ от тэ,"y(t)=g(t)+ib(t),"
606,1156,эл равно эр перпендикуляр эмвэ,"L=r_{\perp }mv,"
607,1157,ка,K.
608,1158,е джи а равно ди фи разделить на ди ти,ega ={\frac {d\phi }{dt}}
609,1159,2 умножить на скобку эл вэ плюс эл аш плюс вэ аш,2(\ell w+\ell h+wh)
610,130,и цэ эм скобка открывается эм запятая эн скобка закрывается,"\operatorname {lcm} (m,n)"
611,131,а равно ноль,a=0
612,132,а е а,a\in A
613,133,лимит икс стремится к минус бесконечность эф скобка открывается икс скобка закрывается равно эль запятая ,"\lim _{x\to -\infty }f(x)=L,"
614,134,эф минус джи,f-g
615,135,пи точка ,p.
616,136,ю е ю,u\in U
617,137,пи эр о дэ пи пи в степени бэ пи,prod _{p}p^{b_{p}}
618,138,бетта вэ равно лямбда в минус первой степени ,\beta _{v}=\lambda ^{-1}
619,139,пи игрик ,p_{y}
620,710,у в минус первой подмножество эр в икс,U^{-1}\subset R^{\times }
621,711,икс нулевое равно единице,x_{0}=1
622,712,ку принадлежит ку,q\in \mathbb {Q} .
623,713,джи равно эс пять,G={\mathcal {S}}_{5}
624,714,зэд один,z_{1}.
625,715,и  по эл,I_{L}.
626,716,интеграл эф от икс умножить на дэ икс,"\int f(x)\,dx."
627,717,икс в степени игрек в степени зэд равно икс в степени игрек зэд,x^{y^{z}}=x^{(y^{z})}
628,718,эн умножить на множество а и бэ,N(A\cup B)
629,719,вэ не относится к эс,v\notin S.
630,780,пэ надмножество пэ в бесконечности,"P\supset P_{\infty },"
631,781,лямбда принадлежит множеству эр плюс,\lambda \in \mathbb {R} _{+}
632,782,эн икс,nx
633,783,эф от икс игрек равно минус эф от игрек икс,"f(x,y)=-f(y,x)."
634,784,ка,K
635,785,ку по эл,{\mathcal {O}}_{L}
636,786,джи цэ дэ умножить на множество восемь двенадцать равно четыре,"\gcd(8,12)=4"
637,787,е,E
638,788,бэ разделить на цэ принадлежит к ку,b/c\in \mathbf {Q} 
639,789,дэ плюс два цэ равно сто восемьдесят,d+2c=180
640,850,вэ большое нижний регистр бэ,V_{b}
641,851,преобразование фурье,{\mathcal {F}}
642,852,производная дэ эф по дэ зэта равно гэ,{\frac {df}{dz}}=g
643,853,пэ двоеточие эль большое импликация а большое запятая,"p\colon L\to A,"
644,854,эн больше или равно два,n\geq 2
645,855,а большое нижний регистр ку большое точка,\mathbb {A} _{\mathbb {Q} }.
646,856,вэ не принадлежит эс большое запятая,"v\notin S,"
647,857,плюс бесконечность,+\infty 
648,858,скобка открывается а нулевое запятая а первое запятая а второе запятая троеточие скобка закрывается,"(a_{0},a_{1},a_{2},\ldots )"
649,859,эр большое в степени икс является подмножеством эр большое,R^{\times }\subset R
650,200,множество а,"(A,\cdot )"
651,201,эл,\mathbf {L} 
652,202,два эс равно в скобках а плюс бэ плюс цэ,2s=(a+b+c)
653,203,е по ка принадлежит тэ,e_{k}\in {\hat {T}}
654,204,эл,\ L\ 
655,205,а по а в икс,\mathbb {A} _{A}^{\times }
656,206,эс по эн,{\mathcal {S}}_{n}.
657,207,эс,S
658,208,о,O
659,209,эс равно одна четвёртая,s={\frac {1}{4}}
660,640,эн по икс,N(x)
661,641,икс равно минус икс,x=-x
662,642,фи намного меньше единицы,\theta \ll 1
663,643,эр а си ди ди икс,rac {d}{dx}}
664,644,а по нулю,a_{0}
665,645,а по вэ,\alpha _{v}
666,646,квадратный корень из двух,{\sqrt {2}}
667,647,синус икс,\sin(x)
668,648,эс эр разделить на три,Sr/3
669,649,е стремится к а по е,E\to \mathbb {A} _{E}
670,1080,множество синус цэ ноль косинус цэ,"(\sin c,\,0,\,\cos c)"
671,1081,пи по вэ,\pi _{v}
672,1082,е стремится к ка,E\to K.
673,1083,единица минус один плюс один минус один плюс,1-1+1-1+\cdots 
674,1084,вэ по и,V_{i}
675,1085,зэд принадлежит к множеству зэд,z\in \mathbb {Z} 
676,1086,фэ по и,F_{i}
677,1087,икс влечёт минус икс,x\mapsto -x.
678,1088,икс квадрат плюс игрек квадрат минус единица равно нулю,x^{2}+y^{2}-1=0
679,1089,джи равно множество от икс один до икс энного,"G=\{x_{1},\ldots ,x_{n}\}"
680,520,в скобках икс квадрат плюс икс плюс один умножить на скобки икс в кубе плюс икс в кубе плюс один,(x^{2}+x+1)(x^{3}+x^{2}+1)
681,521,эн,\ N\ 
682,522,а по ка,a_{k}
683,523,ку разделить на ка стремится к цэ,\sigma :K\to \mathbb {C} 
684,524,интеграл по а от тэ дэ тэ,\int _{a}^{\infty }f(t)\;dt
685,525,ка по вэ,K_{v}
686,526,эм по вэ,{\mathfrak {m}}_{v}
687,527,в скобках ноль ноль один,"(0,\,0,\,1)"
688,528,эф разделить на эс влечёт множество эр,f:S\mapsto \mathbb {R} 
689,529,а плюс дэ плюс бэ равно сто восемьдесят,a+d+b=180
690,1200,конъюнкция эн,{\hat {n}}
691,1201,икс равно одна вторая,x={\frac {1}{2}}
692,1202,функция эн эл ка с областью определения и л и областью значения и ка,N_{L/K}:I_{L}\to I_{K}.
693,1203,и джей джей являются элементом множества джей,"I_{j},j\in J"
694,1204,эф пересекает джи,f\times g
695,1205,функция ан от омега,H(\omega )
696,1206,произведение е а равно произведению а е равно а,e\cdot a=a\cdot e=a
697,1207,функция кю минус функция пэ равно функция фи от разности кю и пэ,f(Q)-f(P)=\varphi (Q-P)
698,1208,не формула,\scriptstyle \backsim 
699,1209,е кю а эн плюс модуль а эн меньше либо равно 2 модуль а эн,eq a_{n}+|a_{n}|\leq 2|a_{n}|
700,260,икс по дэ,X_{d}
701,261,а по и равно единице,a_{i}=1
702,262,е по игрек,E_{y}
703,263,зэд от эс равно эр от эс плюс и икс от эс,"Z(s)=R(s)+iX(s),"
704,264,а по вэ,a_{\nu }
705,265,зэд по пэ квадрат,\mathbb {Z} _{p^{2}}
706,266,фэ,\ f\ 
707,267,эм подмножество цэ,M\subset \mathbb {C} 
708,268,эр,\mathbb {R} ^{*}
709,269,ку по ка,{\mathcal {O}}_{K}
710,1140,а бэ цэ,"a,\;b,\;c"
711,1141,бэ и джи цэ а эр икс,bigcap X_{i}
712,1142,в скобках икс умножить на икс умножить на игрек равно икс умножить на скобки икс умножить на игрек,(xx)y=x(xy)
713,1143,зэд в эс,"\mathbb {Z} ^{s},"
714,1144,два в ка,2^{\kappa }
715,1145,вектор у от тэ равно в скобках икс от тэ игрек от тэ,"{\vec {u}}(t)=(x(t),y(t))"
716,1146,и по ка в первой,I_{K}^{1}.
717,1147,эн умножить на эн,n\times n
718,1148,а по и,{\mathfrak {a}}_{i}
719,1149,модуль икс в модуле по игрек равно модуль икс в степени игрек,"|X|^{|Y|}=\left|X^{Y}\right|,"
720,470,альфа,\alpha 
721,471,а по и,A_{i}
722,472,модуль икс минус а меньше эр,|x-a|<r
723,473,цэ,"C,"
724,474,логарифм эн,\log n
725,475,ка плюс один,(k+1)
726,476,икс в пятой минус икс минус один равно нулю,x^{5}-x-1=0
727,477,минус два цэ,-2c
728,478,цэ равно сто,C=100
729,479,эр от тэ,\mathbf {r} (t)
730,1240,икс равно две трети,x=2/3
731,1241,икс по вэ в минус первой принадлежит о в вэ,x_{v}^{-1}\in O_{v}
732,1242,ка эл равно на пи минус тангенс в минус первой ка икс ,kL=n\pi -\tan ^{-1}kx
733,1243,эм равно сумме эм по и,M=\sum _{i}m_{i}.
734,1244,бэта по вэ равно единице,\beta _{v}=1
735,1245,зэд умножить на корень из минус пяти,\mathbf {Z} [{\sqrt {-5}}]
736,1246,эл равно эр эм вэ синус фи,"L=rmv\sin(\theta ),"
737,1247,эф от кси,{\hat {f}}(\xi )
738,1248,производная множества а по е,\mathbb {A} _{E}'
739,1249,а,A
740,1190,икс меньше единицы,x<1
741,1191,тхэта является элементом  множества комплексного числа,\theta \in \mathbb {C} 
742,1192,множество эр дэ цэ большое,"r,d,C,"
743,1193,у порядка вэ,U_{v}
744,1194,множество о эн,"[0,N)"
745,1195,е,e
746,1196,функция,f.
747,1197,четыре делённое на два разделить на два это не равно четыре делённое на два разделить на два,"(4/2)/2\,\neq \,4/(2/2)"
748,1198,множество элементов удовлетворяющих условию функция от икс что верно икс являющийся элементом а большое,\{f(x)|x\in A\}
749,1199,абсолютная величина икс равна единице,|x|=1
750,280,у по вэ подмножество ка по вэ,U_{v}\subset K_{v}
751,281,лямбда,{\cal {L}}
752,282,эл разделить на ка,L/K
753,283,и по ка,"I_{K},"
754,284,ка в икс,K^{\times }
755,285,эн,\aleph 
756,286,зэд умножить на модуль а,\mathbb {Z} [\alpha ]
757,287,икс эр игрек,xRy
758,288,корень квадратный из эс умножить в скобках эс минус а умножить в скобках эс минус бэ к скобках эс минус цэ,{\sqrt {s(s-a)(s-b)(s-c)}}
759,289,икс игрек,xy
760,750,эн больше нуля,n>0
761,751,фи от тэ,\phi (t)
762,752,интеграл от два икс дэ икс равно икс квадрат плюс цэ,"\int 2x\,dx=x^{2}+C."
763,753,эр больше нуля,r>0
764,754,эр,\mathbf {r} 
765,755,тэ по ка эн,"T_{k,n}"
766,756,эв по лямбда принадлежит эс,f_{\lambda }\in S
767,757,о эн квадрат,O(n^{2})
768,758,множество ку,\mathbb {Q} 
769,759,а равно нулю,\alpha =0
770,1180,вэ,"W,"
771,1181,минус и аш,-i\hbar 
772,1182,джи по бэ умножить зэд по ка бэ,"g_{b}(Z_{k,b})"
773,1183,пэ по вэ,{\mathfrak {p}}_{v}
774,1184,вэ два,\mathbf {v} _{2}
775,1185,эс по эн равно единица минус единица деленная на два в эн,s_{n}=1-{\frac {1}{2^{n}}}.
776,1186,пэ от пяти больше нуля,P(5)>0
777,1187,тэ по ка эн равно тэ по ка эн минус один плюс тэ по ка минус один ка минус эн,"T_{k,n}=T_{k,n-1}+T_{k-1,k-n}"
778,1188,джи,G.
779,1189,два в эн по нулю,2^{\aleph _{0}}.
780,1090,зет большое импликация а большое,\mathbb {Z} \to A
781,1091,а отображение скобка открывается а запятая а запятая троеточие скобка закрывается точка,"a\mapsto (a,a,\ldots )."
782,1092,эф большое,\mathbf {F} 
783,1093,икс запятая игрек принадлежит гэ большое,"x,y\in G"
784,1094,вэ нижний регистр ка,v_{k}
785,1095,альфа нижний регистр вэ равно лямбда,\alpha _{v}=\lambda 
786,1096,алеф-нуль,\aleph _{0}
787,1097,а скобка окрывается бэ эс скобка закрывается равно скобка открывается а бэ скобка закрывается эс запятая,"a(bs)=(ab)s,"
788,1098,эф скобка открывается икс нулевое плюс пи вектор эр,f(x_{0}+\pi {\vec {r}})
789,1099,ню нижний регистр пэ скобка открывается эн скобка закрывается,\nu _{p}(n)
790,620,эф разделить на а умножить на а стремится к бэ,f\colon A\times A\to B
791,621,один разделить на два не равно два разделить на один,1\div 2\neq 2\div 1
792,622,ноль,0
793,623,цэ,{\mathfrak {c}}
794,624,минус эр умножить на омега в квадрате,-r\cdot \omega ^{2}
795,625,икс плюс игрек больше нуля,x+y>0
796,626,цэ по эн в ка,C_{n}^{k}
797,627,кси,\xi 
798,628,множество а по а,"\mathbb {A} _{A},"
799,629,"ноль меньше модуля икс минус а меньше кси
",0<|x-a|<\delta .
800,970,и равно ка квадрат эм,"I=k^{2}m,"
801,971,три плюс и корень из двух,3+i{\sqrt {2}}
802,972,эр а цэ дэ игрек дэ икс,rac {dy}{dx}}=f(x)
803,973,лямбда равно единице,\lambda =1
804,974,омега один плюс омега два,\omega _{1}+\omega _{2}
805,975,два минус шесть и,"2-6i,"
806,976,эн по и,n_{i}
807,977,ка по вэ,K_{\nu }
808,978,корень из дэ,{\sqrt {d}}
809,979,о а,\mathbf {OA} 
810,550,фи равно эс разделить на эр,\theta ={\frac {s}{r}}
811,551,в скобках шесть,(6)
812,552,зэд,\mathbf {Z} 
813,553,эр три,r_{3}
814,554,множество зэд,\mathbb {Z} .
815,555,минус,-
816,556,дэ во второй в цэ эн,d^{2^{cn}}
817,557,эс равно в скобках а плюс бэ плюс цэ разделить на два,s=(a+b+c)/2
818,558,в скобках единица минус зэд умножить эф по эн от зэд,(1-z)f_{n}(z)
819,559,бета равно нулю,\beta =0.
820,1100,зет е и ка запятая ,"z\in I_{K},"
821,1101,икс в квадрате ,x^{2}
822,1102,скобка открывается один минус два в степени один минус эс скобка закрывается зет скобка открывается эм скобка закрывается равно эн скобка открывается эс скобка закрывается ,(1-2^{1-s})\zeta (s)=\eta (s)
823,1103,ноль ,0}\ll {\frac {1}{\lambda f}}
824,1104,пи эр эль,\pi rl
825,1105,эн равно два,\eta =2
826,1106,косинус а,\cos a
827,1107,эпсилон эн равно один один в степени эн,\sum _{n=1}^{\infty }1^{n}
828,1108,и умножить на и два,\|\cdot \|_{2}
829,1109,о вэ точка,O_{v}.
830,1230,е принадлежит а по е,e\in \mathbb {A} _{E}
831,1231,ка больше эн,k>n
832,1232,эн по а,"\aleph _{\alpha },"
833,1233,у,U
834,1234,мю если мю,\mu \mapsto {\hat {\mu }}
835,1235,икс в игрек в степени зэд равно икс в игрек зэд,(x^{y})^{z}=x^{(yz)}
836,1236,а,(a)
837,1237,а один а два а эр,"a_{1},a_{2},\ldots ,a_{r}"
838,1238,зэд по восьми,\mathbb {Z} _{8}
839,1239,два разделить на три четвертых,{\dfrac {2}{3/4}}
840,810,джи и джей ,g_{ij}
841,811,е е а е,e'\in \mathbb {A} _{E}'
842,812,пи точка,\pi .
843,813,зет эн ,\zeta _{n}
844,814,бэ ноль,b_{0}
845,815,ноль стремится к эм один стремится к эм стремится к эм два стремится к нулю ,0\to M'\to M\to M''\to 0
846,816,эм е эн точка,m\in \mathbb {N} .
847,817,о е скобка открывается ноль запятая один скобка закрывается ,"\theta \in [0,1]"
848,818,пэ ноль,{\acute {P}}_{0}
849,819,икс два,x_{2}
850,1270,эл равно эр фи,\ell =r\phi 
851,1271,лямбда в эн равно единице,"\lambda ^{n}=1,"
852,1272,зэд от джи,Z(G)
853,1273,вэ по а,W_{\alpha }
854,1274,джи от икс равно три икс плюс семь,g(x)=3x+7
855,1275,эф от икс игрек равно икс плюс игрек,"f(x,y)=x+y"
856,1276,меньше,<
857,1277,икс равно цэ от икс,x=C(x).
858,1278,эйдж от икс равно лямбда от икс,h(x)=\Im {(f(x))}
859,1279,у подмножество и по ка,"U\subset I_{K},"
860,960,вэ пэ запятая ,"v_{\mathfrak {p}},"
861,961,альфа минус скобка открывается эр плюс эс скобка закрывается е дабл вэ точка,\alpha -(r+s)\in W.
862,962,скобка открывается тэ и минус один запятая тэ и скобка закрывается ,"[t_{i-1},t_{i}]"
863,963,эф скобка открывается икс скобка закрывается равно один дробь икс в квадрате ,f(x)=1/x^{2}
864,964,ка один запятая ка два запятая многоточие запятая ка ю,"k_{1},k_{2},\dots ,k_{u}"
865,965,цэ равно два пи эр запятая ,"C=2\pi r,"
866,966,альфа и джей запятая ,"\alpha _{ij},"
867,967,и,/
868,968,тэ эн,T_{n}
869,969,е в степени а плюс бэ равно е в степени а е в степени бэ точка ,e^{a+b}=e^{a}e^{b}.
870,170,модуль джи от икс минус бэ больше нуля,|g(x)-b|>0
871,171,производная а по е,"\mathbb {A} _{E}',"
872,172,эф от икс,"f(x),"
873,173,ка по е,K_{i}
874,174,е по и равно единице,e_{i}=1
875,175,джи по и умножить на джи по джи,g_{i}\cdot g_{j}
876,176,е джи а равно вэ на эр,ega ={\frac {v}{r}}
877,177,о принадлежит а,O\in {\mathcal {A}}
878,178,эр е альфа равно нулю,\operatorname {Re} \alpha =0
879,179,эпсилон стремится к нулю,\varepsilon \to 0
880,40,икс игрек икс игрек икс,XYXYX
881,41,один разделить на два в эн,{\frac {1}{2^{n}}}
882,42,эф от джи минус джи от икс равно цэ,F(x)-G(x)=C
883,43,а умножить на бэ равно бэ умножить на а равно е,a\cdot b=b\cdot a=e
884,44,один,1
885,45,цэ от икс равно единица плюс икс цэ от икс квадрат,c(x)=1+xc(x)^{2};
886,46,ку от корня из дэ,\mathbb {Q} ({\sqrt {d}})
887,47,икс по и,X_{i}.
888,48,интеграл дэ икс ,"\int _{a}^{b}\cdots \,dx"
889,49,эм по бэ в бэ равно единица и бэ,m _{b=1}^{B}I_{b}
890,730,эн скобка открывается икс запятая игрик скобка закрывается ,"n(x,y)"
891,731,скобка открывается ка запятая джей плюс один скобка закрывается ,"(k,j+1)"
892,732,эр пэ равно зет пэ эль пэ в степени икс пэ,r_{p}=z_{p}/p^{x_{p}}
893,733,и е вэ,l\in V
894,734,джи равно а плюс цэ,G=A\oplus C
895,735,дэ дробь дэ икс скобка открывается икс в квадрате скобка закрывается равно два икс точка ,{\frac {d}{dx}}(x^{2})=2x.
896,736,икс в степени эн минус один равно ноль,x^{n}-1=0
897,737,эн минус ка,n-k
898,738,два в степени е ноль равно е один,2^{\aleph _{0}}=\aleph _{1}.
899,739,эр равно е и,\mathbf {r} =\mathbf {e} _{i}
900,150,синус альфа синус бета,\sin a\sin b
901,151,эс и по ка эс,"S,I_{K,S}"
902,152,вэ не принадлежит пэ,v\notin P.
903,153,минус четыре бэ скобка закрывается плюс бэ равно сто восемьдесят,-4b)+b=180
904,154,и пэ тэ эс тэ игрек эл е вэ,\scriptstyle b
905,155,период период,"\langle \cdot ,\cdot \rangle "
906,156,плюс минус единица,\pm 1
907,157,и пэ тэ эс тэ игрек эль е два вэ,\scriptstyle 2b
908,158,минус эн,-n
909,159,икс по и в эн и принадлежит эф по и минус один,x_{i}^{n_{i}}\in F_{i-1}
910,310,икс и е эф и,x_{i}\in F_{i}
911,311,эф скобка открывается икс скобка закрывается равно эль эн скобка открывается икс скобка закрывается плюс цэ,F(x)=\ln |x|+c
912,312,джей равно эн минус ка,j=n-k
913,313,а скобка открывается ноль скобка закрывается равно а ноль дробь ноль восклицательный знак равно один,A(0)=A_{0}/0!=1
914,314,синус бэ синус а равно минус а синус бэ,\sin b\sin A=\sin a\sin B
915,315,тэ и равно а плюс и скобка открывается бэ минус а скобка закрывается дробь эн равно а плюс и дельта тэ,t_{i}=a+i(b-a)/N=a+i\Delta t
916,316,а зет,\mathbf {A} _{\mathbf {Z} }
917,317,пэ четыре ,p_{4}
918,318,скобка открывается фи эн скобка открывается икс двойная скобка закрывается ,\{\varphi _{n}(x)\}
919,319,о стремится к о один,O\mapsto O'
920,140,о от в,O_{v}:
921,141,а н плюс 1 меньше или равно а в эн,|a_{n+1}|\leq |a_{n}|
922,142,эн не равно нолю,n\neq 0.
923,143,ка разделить на ку равно эр плюс два эс,[K:\mathbb {Q} ]=r+2s.
924,144,модуль сэ в эн,\left\vert c_{n}\right\vert 
925,145,десять плюс пять ай,10+5i
926,146,эф от ай,\mathbf {v} _{i}
927,147,пэ стремиться к бесконечности пэ,P\supset P_{\infty }
928,148,ку не равно пэ,q\neq p
929,149,икс,\mathbf {x} 
930,380,один плюс два плюс четыре плюс восемь плюс ,1+2+4+8+\cdots 
931,381,кси принадлежит ка в икс,\xi \in K^{\times }
932,382,множество е по ка множество ка принадлежит зэд,\{e_{k}\}(k\in Z)
933,383,иодуль периода по эн умножить,|\cdot |_{n}.
934,384,джи эл от множества эн ка,"\operatorname {GL} (n,K)"
935,385,кси,"\xi ,"
936,386,синус в квадрате а равно единица минус косинус в квадрате а,\sin ^{2}A=1-\cos ^{2}A
937,387,джи,j
938,388,икс равно единице,x=1
939,389,ноль плюс один плюс два плюс три плюс равно ноль плюс икс равно икс,0+1+2+3+\ldots =0+x=x
940,950,пэ по тэ,{\acute {P}}_{t}
941,951,пэ от эф равно нулю,p(f)=0
942,952,эс по эн минус эс по эм меньше или равно а по эм,S_{n}-S_{m}\leq a_{m}
943,953,ка разделить на ку,K/\mathbb {Q} 
944,954,а по вэ в степени икс,A_{v}^{\times }
945,955,ка джи минус один,"(k,j-1)"
946,956,пэ принадлежит множеству пэ один пэ энное,"p\in \{p_{1},\ldots ,p_{n}\}"
947,957,эм разделить на л разделить на ка,"M/L/K,"
948,958,период пэ,|\cdot |_{\mathfrak {p}}
949,959,алеф нуль равно омега,\aleph _{0}=\omega 
950,1020,икс минус скобка открывается ю лямбда запятая и плюс эм скобка закрывается запятая ,"x-(u_{\lambda ,i}+M),"
951,1021,тэ ка,T_{k}
952,1022,е плюс цэ равно что восемьдесят ,e+c=180
953,1023,дельта а равно а эф а ноль в минус первой степени ,\Delta A=A_{f}A_{0}^{-1}
954,1024,лимит икс стремится к пэ эф скобка открывается икс скобка закрывается равно эль,\lim _{x\to p^{-}}f(x)=L
955,1025,эф скобка открывается икс скобка закрывается ,F(x)
956,1026,скобка открывается зет скобка закрывается в квадрате равно скобка открывается зет в квадрате скобка закрывается ,|z|^{2}=|z^{2}|
957,1027,эм плюс эн,m+n
958,1028,икс стремится к икс в минус первой степени ,x\mapsto x^{-1}
959,1029,один плюс один равно два,1+1=2
960,100,в скобках эф плюс джи умножить на икс равно эф от икс плюс джи от икс,(f+g)(x)=f(x)+g(x)
961,101,вэ меньше бесконечности,v<\infty .
962,102,о от икс игрек,"{\hat {o}}(x,y)"
963,103,и эр в икс,"\iota ,R^{\times }"
964,104,а плюс эм а икс от бэ цэ равно эм а икс от а плюс бэ а плюс цэ,"a+\max(b,c)=\max(a+b,a+c)."
965,105,эс от икс игрек,"s(x,y)"
966,106,пэ принадлежит зэд,p\in \mathbf {Z} 
967,107,и по ка эс,"I_{K,S}"
968,108,и плюс бэ на два минус один,i+{\frac {b}{2}}-1
969,109,эр,r
970,1290,ноль плюс один плюс один плюс один плюс множество равно ноль,0+1+1+1+\ldots =0
971,1291,эпсилон является элементом множества е большое,"\xi \in E,"
972,1292,абсолютная величина икс плюс асолютная величина игрек равно абсолютной величине икс у игрек,|X|+|Y|=|X\cup Y|.
973,1293,а большое равно ка большое,"A=K,"
974,1294,абсолютная величина а эн,|a_{n}|
975,1295,ноль запятая сто одинадцать равно один разделить на девять,0.111\ldots ={\frac {1}{9}}
976,1296,эпсилон,\varepsilon 
977,1297,ка икс в степени и равно ка икс разделить на эм большое,k_{x}^{i}={\frac {k_{x}}{M}}
978,1298,ипсилон в степени лямбда равно ка большое,\nu ^{\lambda }=\kappa 
979,1299,зэт целое число означает множество коммутатора дзэта эн,\mathbb {Z} [\zeta _{n}]
980,1060,ди по джи джи,"d_{j,j}"
981,1061,два умножить на два,2\times 2
982,1062,эр второе,r_{2}
983,1063,эн больше бэ минус а разделить на дельта от эпсилона,N>(b-a)/\delta (\varepsilon )
984,1064,эр а цэ ка по тэ два пи,rac {k_{T}}{2\pi }}
985,1065,эм разделить на эл разделить на ка,M/L/K
986,1066,фи,\varphi 
987,1067,дэ равно сто восемьдесят,d=180
988,1068,а а плюс эм а плюс два эм,"a,a+m,a+2m,\ldots "
989,1069,е принадлежит е,"e\in E,"
990,250,два в третьей степени не равно трём во второй степени ,2^{3}\neq 3^{2}
991,251,икс скобка открывается ю запятая вэ скобка закрывается ,"\mathbf {x} (u,v)"
992,252,эф скобка открывается икс скобка закрывается больше эн,f(x)>N
993,253,кей е эн,k\in \mathbb {N} 
994,254,и,I
995,255,икс больше нуля,x>0
996,256,игрик икс икс игрик икс ,YXXYX
997,257,один плюс два равно три,1+2=3
998,258,эф и равно эф и минус один скобка открывается икс и скобка закрывается ,F_{i}=F_{i-1}(x_{i})
999,259,эн,N
1000,940,эль равно произведению эр эм вэ,"L=rmv,"
1001,941,эм о дэ,mod
1002,942,эль в квадрате на тэ дэ моль,"L^{2}(T,d\mu )"
1003,943,ка в ай,k_{i}
1004,944,эф на произведение кэ а равно кэ эф на а,f(ka)=kf(a)
1005,945,у от эр тэ,"u(\mathbf {r} ,t)"
1006,946,эф на бэ минус эф на а,F(b)-F(a)
1007,947,модуль а и бэ,"[a,b]."
1008,948,минус а в эм меньше или равно разности эс в эн и эм,-a_{m}\leq S_{n}-S_{m}
1009,949,эр нулевое е в минус джи два пета альфа игрек,r_{0}e^{-j2\pi \alpha y}
1010,10,эс равно минус один,s=-1.
1011,11,зэд от пятнадцати,\mathbb {Z} _{15}
1012,12,эн больше или равно эм равносильно эм деленная на эн,"n\geq m\Leftrightarrow m|n,"
1013,13,вэ нулевое,\mathbf {v} _{0}
1014,14,вэ равно эр омега,"v=r\omega ,"
1015,15,тэ тангенс икс дэ икс,"t \tan x\,dx"
1016,16,эм умножить на скобки а энное плюс модуль а энного,m (a_{n}+|a_{n}|)
1017,17,множество а по а в икс,\mathbb {A} _{A}^{\times }.
1018,18,е принадлежит ка принадлежит эф,E\subseteq K\subseteq F
1019,19,вэ не равно вэ нулевое,v\neq v_{0}
1020,300,эс большое скобка открывается эр запятая ка скобка закрывается,"S(r,k)"
1021,301,один запятая два запятая три запятая четыре запятая шесть запятая восемь запятая двенадцать запятая двадцать четыре,"1,2,3,4,6,8,12,24"
1022,302,пэ большое нижний регистр бесконечность,P_{\infty }
1023,303,дель в квадрате,\nabla ^{2}
1024,304,икс первое не равно х второе,x_{1}\neq x_{2}
1025,305,ка больше или равно эн больше ноль,\quad k\geq n>0
1026,306,бэ равно скобка открывается бэ первое запятая бэ второе запятая троеточие запятая бэ энное скобка закрывается,"b=(b_{1},b_{2},\dots ,b_{n})"
1027,307,пэ большое надмножество пэ большое нижний регистр бесконечность,P\supset P_{\infty }.
1028,308,а запятая бэ принадлежит эф большое,"a,b\in F"
1029,309,произведение по вэ модуль а нижний регистр вэ равно один,\prod _{v}|a|_{v}=1.
1030,290,а ка точка,\mathbb {A} _{K}.
1031,291,ю скобка открывается икс скобка закрывается ,\psi (x)
1032,292,ка в степени икс точка,K^{\times }.
1033,293,а ка скобка открывается пэ скобка закрывается ,\mathbb {A} _{K}(P)
1034,294,цэ ноль равно лимит икс стремится к нулю цэ скобка икс скобка закрывается равно один,C_{0}=\lim _{x\to 0}c(x)=1
1035,295,ноль запятая ,"0,"
1036,296,скобка открывается а скобка закрывается вэ равно один ,|a|_{v}=1.
1037,297,эр в квадрате ,\mathbb {R} ^{2}
1038,298,и пэ эйч а и запятая бетта и скобка закрывается ,"lpha _{i},\beta _{i})"
1039,299,пэ скобка открывается икс скобка закрывается ,p(x)
1040,1070,цэ по ка меньше или равно ка,c_{k}\leq k
1041,1071,вэ от а равно нулю,v(a)=0
1042,1072,икс по и,"x_{i},"
1043,1073,вэ такой что бесконечность,v|\infty .
1044,1074,один плюс и,1+i
1045,1075,а от икс,A(x)
1046,1076,икс принадлежит эр,x\in \mathbb {R} ^{*}
1047,1077,а бета принадлежит и по ка,"\alpha ,\beta \in I_{K}."
1048,1078,бэ принадлежит множеству один два вэ,"b\in \{1,2,\ldots ,B\}"
1049,1079,игрек принадлежит икс,Y\subseteq X
1050,1280,икс в пятой минус икс минус один,x^{5}-x-1
1051,1281,а плюс скобка открывается сто восемьдесят,a+(180
1052,1282,множество икс икс принадлежит эр,"(x,x)\in R"
1053,1283,тангенс в квадрате а плюс один равно эс е цэ в квадрате а,\tan ^{2}A+1=\sec ^{2}A\ 
1054,1284,а по вэ принадлежит ка по вэ в икс,a_{w}\in K_{v}^{\times }
1055,1285,дельта по вэ больше нуля,\delta _{v}>0
1056,1286,зэд по ка бэ,"Z_{k,b}"
1057,1287,а по нулю,{\acute {A}}_{0}
1058,1288,икс игрек принадлежит а,"x,y\in A"
1059,1289,пэ от икс равно нулю,P(x)=0
1060,840,а скобка открывается эр скобка закрывается ,A(\mathbf {r} )
1061,841,игрик равно икс в три второй степени ,"y=x^{\frac {3}{2}}\,"
1062,842,эф джи,\mathbf {F_{g}} 
1063,843,пэ скобка открывается икс скобка закрывается точка ,P(x).
1064,844,пи дэ,\pi d
1065,845,двойная скобка открывается а двойная скобка закрывается в минус первой степени ,(\{{\mathfrak {a}}\})^{-1}
1066,846,тэ,{\hat {T}}
1067,847,вэ,\mathbf {V} 
1068,848,а е о в степени икс вэ,a\in O_{v}^{\times }
1069,849,пусто,f=1/\tau 
1070,1130,эф два,F_{2}
1071,1131,вэ,v
1072,1132,множество х один икс энное,"x_{1},\ldots ,x_{n},"
1073,1133,в скобках эф икс игрек равно в скобках эф икс умножить на игрек,"(f\,x\,y)=((f\,x)\,y)"
1074,1134,эф по лямбда,f_{\lambda }
1075,1135,эс равно эр фи,s=r\theta .
1076,1136,эф умножить на скобки четыре умножить на скобки эл плюс ноль целых четыре десятых дэ равно вэ,{f(4(L+0.4d))}=v
1077,1137,эл по е ку равно эл плюс о целых семьдесят пять сотых дэ,L_{eq}=L+0.75d
1078,1138,эта разделить на ка стремится зэд от а,"\eta \colon K\to Z(A),"
1079,1139,пэ не равно пустому набору,P\neq \emptyset .
1080,420,икс запятая игрик е джи точка ,"x,y\in G."
1081,421,и плюс а дэ о запятая ,"I+A\,d\theta ~,"
1082,422,дэ в квадрате цэ один эн,d^{2^{c'n}}
1083,423,эн плюс эм равно эм плюс эн ,n+m=m+n
1084,424,эйч,H
1085,425,эф е эль в квадрате скобка открывается тэ запятая дэ ню скобка закрывается ,"f\in L^{2}(T,d\mu )"
1086,426,кэ вэ е зэт,k_{v}\in \mathbb {Z} 
1087,427,кэ скобка открывается пэ скобка закрывается ,K(P)
1088,428,скобка открывается икс скобка закрывается вэ,|x|_{v}
1089,429,пэ,p
1090,990,е подмножество е от пэ ,E\subset E(P)
1091,991, пэ от минус трех меньше нуля,P(-3)<0
1092,992,эн факториал,n!
1093,993,эф по и минус один,F_{i-1}
1094,994,пэ вэ,{\mathfrak {p}}_{v}.
1095,995,множестов а бэ,"[a,b]"
1096,996,эр от эс больше единицы,"\Re (s)>1,"
1097,997,множество пустое,\{\emptyset \}
1098,998,альфа,"\alpha ,"
1099,999,а по вэ умножить на а по вэ,A_{v}\times A_{v}.
1100,600,лямбда сумма эр больше ноля,\lambda \in \mathbb {R} _{>0}
1101,601,эс множество сэ,s\in \mathbb {C} 
1102,602,от минус бесконечности до а,"(-\infty ,a)"
1103,603,ка множества ка в икс,k\in K^{\times }.
1104,604,о меньше сэ и меньше или равно сэ меньше бесконечности,0<c\leq C<\infty .
1105,605,эр в лямбда джи множество эр,"r_{\lambda ,j}\in R"
1106,606,произведение от 1 до ноля и ноля до одного равно от ноля к нолю,"(1,0)\cdot (0,1)=(0,0)"
1107,607,лим икс в иксе где икс стремится к нолю равно еденице,\lim _{x\to 0^{+}}x^{x}=1
1108,608,ку в пэ,\mathbf {Q} _{p}
1109,609,ку,Q
1110,860,икс принадлежит ка,x\in K
1111,861,два пи,2\pi 
1112,862,эн плюс ноль равно эн равно ноль плюс эн,n+0=n=0+n.
1113,863,период бесконечность,\|\cdot \|_{\infty }
1114,864,зэд по ка один равно и,"Z_{k,1}=i"
1115,865,джи разделить на у стремится к цэ ,g:U\to \mathbb {C} 
1116,866,вектор икс,{\vec {x}}
1117,867,зэд в квадрате меньше единицы минус игрек в квадрате,z^{2}<1-y^{2}
1118,868,игрек в зэд,y^{z}
1119,869,эл ка эм от множество эл эм эн,"\operatorname {lcm} (l,m,n)"
1120,890,цэ равно два бэ,c=2b
1121,891,выборочное среднее из множества из набора рациональных чисел,{\overline {\mathbb {Q} }}
1122,892,примерно,\backsim 
1123,893,цэ по эн ка,"C_{n,k}"
1124,894,перпендикуляр,\vdash 
1125,895,у по эн плюс один равно а у по эн плюс бэ,u_{n+1}=au_{n}+b
1126,896,эф от икс равно единица деленная на единица минус два икс,f(x)={\frac {1}{1-2x}}.
1127,897,и равно эр квадрат эм,I=r^{2}m
1128,898,икс равно единице,x=1.
1129,899,ка по игрек в степени и равно ка по игрек разделить на эм,k_{y}^{i}={\frac {k_{y}}{M}}
1130,190,бэ,\mathbf {b} 
1131,191,пи дробь два плюс два эн пи,{\frac {\pi }{2}}+2n\pi 
1132,192,дэ равно минус один ,d=-1
1133,193,икс икс игрик икс игрик ,XXYXY
1134,194,е эм,e_{m}
1135,195,ка е ка,k\in K
1136,196,дабл вэ дробь вэ точка ,w|v.
1137,197,скобка открывается бетта скобка закрывается меньше или равно гамма вэ,|\beta |\leq \delta _{v}
1138,198,гамма тэ,\delta t
1139,199,эс два эн,S_{2n}
1140,1210,зет на зет,"z\cdot {\overline {z}},"
1141,1211,а в икс вэ,"A_{v}^{\times },"
1142,1212,пэ равно эм на вэ,\mathbf {p} =m\mathbf {v} 
1143,1213,зет равно эр на е ай тета,"z=re^{i\theta },"
1144,1214,эф два от вэ,{\hat {f}}_{2}(\omega )
1145,1215,множество произведений вэ,"|\cdot |_{v},"
1146,1216,эс два в эм меньше или равно эль и меньше или равно эс два эм в плюс первой,S_{2m}\leq L\leq S_{2m+1}
1147,1217,множество одного,"(1,1,\ldots )."
1148,1218,а равно а в доблью на дабалью эпсилон ай а эль,a'=(a'_{w})_{w}\in I_{L}
1149,1219,а в ноль,A_{0}
1150,630,вэ перпендикуляр равно вэ синус скобка открывается о скобка закрывается ,v_{\perp }=v\sin(\theta )
1151,631,эль е кью,L_{eq}
1152,632,е один запятая многоточие запятая е эн,"e_{1},\ldots ,e_{n}"
1153,633,ка умножить на а стремится к а,K\times A\to A
1154,634,о вэ двоеточие ,{\widetilde {O_{v}}}:
1155,635,эн икс равно а,nx=a
1156,636,и минус один ,I-1
1157,637,синус в квадрате а плюс косинус в квадрате а равно один,\sin ^{2}A+\cos ^{2}A=1\ 
1158,638,один запятая минус один запятая минус пять запятая одиннадцать многоточие ,"1,-1,3,-5,11,\ldots "
1159,639,эль вэ точка,L_{v}.
1160,870,фи равно два пи,\theta =2\pi 
1161,871,ку по угрек,k_{y}
1162,872,джи а и умножить на эф деленная на ка,\operatorname {Gal} (F/K)
1163,873,множество ка джи,"(k,j)"
1164,874,джи,{\widehat {G}}
1165,875,е в эн,\mathbb {E} ^{n}
1166,876,эр е альфа больше минус единицы,\operatorname {Re} \alpha >-1
1167,877,тэ два два,"T_{2,2}"
1168,878,е умножить на множество эн ка равно е умножить на множество эн ка минус один плюс е умножить на множество эн минус один эн минус,"E(n,k)=E(n,k-1)+E(n-1,n-k)"
1169,879,множество игрек зэд,"(y,z)"
1170,880,эф от пяти,{\hat {f}}(5)
1171,881,плюс минус бесконечность,\pm \infty 
1172,882,эйдж,h
1173,883,зэд по эм,\mathbb {Z} _{m}
1174,884,единица деленная на два пи в квадрате,{\frac {1}{(2\pi )^{2}}}
1175,885,эпсилон принадлежит ка,"\xi \in K,"
1176,886,эс равно эр фи,"s=r\theta \,"
1177,887,а по вэ равно пи по вэ в ка по вэ,\alpha _{v}:=\pi _{v}^{k_{v}}
1178,888,эф по пэ в эр от тэ,\mathbb {F} _{p^{r}}(t)
1179,889,эн больше или равно единице,n\geq 1
1180,1000,эф по вэ разделить на ка по вэ стремится к цэ,f_{v}:K_{v}\to \mathbb {C} 
1181,1001,и по ка в первой разделить на ка в икс,I_{K}^{1}/K^{\times }.
1182,1002,десять минус пять и,10-5i
1183,1003,множество  зэд плюс,"(\mathbb {Z} ,+)"
1184,1004,десять в бэ,10^{b}
1185,1005,а по ку,\mathbf {A} _{\mathbf {Q} }
1186,1006,омега равно вэ на эр,\omega ={\frac {v}{r}}.
1187,1007,эф от икс равно икс квадрат,f(x)=x^{2}
1188,1008,икс комплексно сопряженный,{\bar {x}}
1189,1009,джи от омега,G(\omega )
1190,430,эф минус джи,F-G
1191,431,эф от минус четырех эф от ноль плюс четыре равно минус единица,"f(-4,f(0,+4))=-1"
1192,432,интеграл от эф от тэ дэ тэ,\int _{-\infty }^{b}f(t)\;dt
1193,433,производная эм вторая производная эм,"M',M''"
1194,434,цэ по ка,{}^{n}C_{k}
1195,435,период,\cdot 
1196,436,аш и ка,H\oplus K
1197,437,вэ следует пэ по вэ,v\mapsto {\mathfrak {p}}_{v}
1198,438,сумма а по эн,\sum a_{n}
1199,439,ка первое плюс один ка первое плюс два ка второе,"k_{1}+1,k_{1}+2,\ldots ,k_{2}"
1200,230,а в пэ эль на сэ эпсилон зет в пэ,a_{p}/c\in \mathbf {Z} _{p}
1201,231,произведение ай сэ эм на четыре от шести,"\operatorname {lcm} (4,6)"
1202,232,от дэ один к еденице до дэ в ка ка,"d_{1,1},\ldots ,d_{k,k}"
1203,233,множество эн в нулевой где эн равно одному,\sum _{n=1}^{\infty }n^{0}
1204,234,одна вторая,{\frac {1}{2}}.
1205,235,ай равно икс,i=x
1206,236,о на произведение логарифмоф суммы а и бэ в квадрате,O((\log a+\log b)^{2})
1207,237,логин эн плюс один минус логин эн,\log(n+1)-\log n
1208,238,дабалью от эф,"w|v,"
1209,239,эс эпсилон зет,s\in \mathbb {Z} 
1210,1170,пи эр квадрат,\pi r^{2}
1211,1171,ка,\kappa 
1212,1172,рэ умножить на скобки икс плюс е,p(x+e)
1213,1173,эпсилон,\epsilon 
1214,1174,предел эф от эф от икс равен одному где икс стремится к а,\lim _{x\to a}f(f(x))=1
1215,1175,цэ по эн,c_{n}
1216,1176,вэ,V.
1217,1177,эн по эф и,N_{f_{i}}
1218,1178,е в джи эф примерно равно один плюс джи эф,e^{j\phi }\approx 1+j\phi 
1219,1179,модуль икс,|x|
1220,800,вэ бесконечность,v\nmid \infty 
1221,801,ка по тэ,k_{T}
1222,802,период ноль примерно период один,|\cdot |_{0}\sim |\cdot |_{1}
1223,803,ноль минус один равно минус скобки единица минус ноль,0-1=-(1-0)
1224,804,а равно а один плюс и а два,a=a_{1}+ia_{2}
1225,805,а по пэ разделить на цэ принадлежит ку по эр,a_{p}/c\in \mathbf {Q} _{p}
1226,806,пэ первое,p_{1}
1227,807,фи по эн,\varphi (n)
1228,808,эс,s
1229,809,а,"A,"
1230,670,эф равно ку модуль а,F=\mathbb {Q} [\alpha ]
1231,671,период бесконечность,|\cdot |_{\infty }
1232,672,игрек по и равно эм игрек по о,"y_{i}=My_{o}\,"
1233,673,эм меньше эн,m<n
1234,674,примерно равно лдна вторая цэ,\approx {\frac {1}{2}}c
1235,675,эн больше нуля,N>0
1236,676,ку по вэ,{\mathcal {O}}_{\nu }
1237,677,бэ,b
1238,678,дэ в икс икс,d^{\times }x
1239,679,сумма минус два в ка ка не равно нулю,\sum _{k=0}^{n}(-2)^{k}
1240,20,множество а,(a).
1241,21,вэ умножить на производную а по вэ равно нулю,v(\alpha '_{v})=0
1242,22,тэ равно единице,t=1
1243,23,эф один,F_{1}
1244,24,джи равно нулю,G=0
1245,25,о по вэ,O_{v}
1246,26,модуль икс равен минус икс,|x|=-x
1247,27,два пи эр,2\pi r
1248,28,а умножить на а,"A\times A,"
1249,29,эф от ка один плюс ка два,f(k_{1}+k_{2})
1250,790,игрек тэ равно джи на тэ плюс произведение ай на вэ от тэ,"Y(t)=G(t)+iB(t),"
1251,791,вай от ай,y_{i}
1252,792,эн равно логарифм а плюс бэ,"n=\log a+\log b,"
1253,793,альфа от пэ минус эр от пэ меньше или равно одному,|\alpha _{p}-r_{p}|\leq 1.
1254,794,эф в а от эф равняется эф,{\mathcal {F}}^{4}(f)=f
1255,795,произведение икс на игрек,x\cdot y
1256,796,пэ от тэ равно модулю произведения эр на ку от тэ,"p(t)=[R*Q](t),"
1257,797,эф не суммарно пэ в нулевой,"v\notin P_{0},"
1258,798,косинус сэ,\cos c
1259,799,два ка в зет,2k_{z}
1260,0,синус икс минус пи,\sin(x)-\pi 
1261,1,эс равно единица плюс два эс,s=1+2s.
1262,2,модуль нуля равно ноль,|0|=0
1263,3,множество а по эн,\{a_{n}\}
1264,4,эф от о принадлежит бета,f(O)\in {\mathcal {B}}
1265,5,эйдж,\hbar 
1266,6,пэ квадрат,p^{2}
1267,7,и эн вэ от и икс,\operatorname {inv} (x)
1268,8,фи квадрат,\theta ^{2}
1269,9,ка  по икс ка по игрек,"~(k_{x},k_{y})"
1270,410,цэ равно эф от а,C=F(a)
1271,411,два в тэ три в у плюс один,2^{t}3^{u}+1
1272,412,у пересекается с ку равно нулю,U\cap \mathbb {Q} =\{0\}.
1273,413,а по вэ в икс,\alpha _{v}^{\times }
1274,414,дзета,\zeta 
1275,415,эл икс эф,LXF
1276,416,джи цэ дэ от икс игрек,"\gcd(x,y)"
1277,417,эф джи принадлежат эл квадрат от тэ дэ мю,"f,g\in L^{2}(T,d\mu )"
1278,418,эл по икс эл по игрек не равео эл по игрек эл по икс,L_{x}L_{y}\neq L_{y}L_{x}
1279,419,пять плюс четыре плюс два равно одиннадцати,5+4+2=11
1280,460,икс в квадрате плюс игрек в квадрате плюс зет в квадрате минус один равно ноль,"x^{2}+y^{2}+z^{2}-1=0.\,"
1281,461,эф скобка открывается икс скобка закрывается принадлежит зет квадратная скобка открывается икс квадратная скобка закрывается,f(x)\in \mathbb {Z} [x]
1282,462,дэ а деленное на дэ тэ равно дабл ю умножить на а,{\frac {dA}{dt}}=W\cdot A.
1283,463,косинус бетта а,\cos \delta _{A}
1284,464,и в минусовой степени,{\bar {I}}
1285,465,пэ не принадлежит эф,p\notin F.
1286,466,а запятая бэ запятая цэ,"a,b,c"
1287,467,икс,x
1288,468,скобка открывается многоточие скобка закрывается,{\widehat {(\dots )}}
1289,469,эс,\mathbf {s} 
1290,360,цэ и по ка,\operatorname {Cl} _{K}.
1291,361,десять плюс минус пять и,10\pm 5i
1292,362,пэ по бесконечности объединение с множеством вэ,P_{\infty }\cup \{v\}.
1293,363,альфа по вэ равно одному,\alpha _{v}=1
1294,364,эс равно пи эр,s=\pi r.
1295,365,а по вэ,A_{v}
1296,366,цэ по эн,C_{n}
1297,367,фи эф равно эф,{\mathcal {F}}f:={\hat {f}}
1298,368,вэ по два эм,B_{2m}
1299,369,ку,\mathbf {Q} 
1300,1220,абсолютное число ка равно единице,|k|=1
1301,1221,пэ умножить на тэ равно тэ минус зэт,p(t)=t-z
1302,1222,рэ равно рэ умножить на тхэта,r=r(\theta )
1303,1223,эр икс,r_{x}
1304,1224,множество от а один до а эн,"a_{1},\ldots ,a_{n}"
1305,1225,у,\mathbf {u} 
1306,1226,один минус два плюс четыре минус восемь и так далее равно один разделить на три,1-2+4-8\ldots ={\frac {1}{3}}
1307,1227,эм эн,"m,n"
1308,1228,а эм,a_{m}
1309,1229,ка большое равно ку рациональное число,K=\mathbb {Q} 
1310,110,ка,k
1311,111,модуль эф от икс минус эл меньше кси,|f(x)-L|<\varepsilon 
1312,112,умножить,*
1313,113,ку разделить на зэд,\mathbb {Q} /\mathbb {Z} 
1314,114,а больше нуля,a>0
1315,115,а по пэ принадлежит зэд по пэ,a_{p}\in \mathbb {Z} _{p}
1316,116,мю в лямбде равно ка,\mu ^{\lambda }=\kappa 
1317,117,игрек равно эф от тэ,y=f(t).
1318,118,и принадлежит зэд,l\in \mathbb {Z} 
1319,119,производная джи от икс не равна нулю,g'(x)\neq 0
1320,330,у от вэ равно о в икс от вэ,U_{v}=O_{v}^{\times }
1321,331,а один,a_{1}
1322,332,альфа,{\mathcal {A}}
1323,333,эф от трех на вэ,{\hat {f}}_{3}(\omega )
1324,334,суммарность икс от эн на эн эпсилон эн,\{x_{n}\}_{n\in \mathbb {N} }
1325,335,произведение синусов бэ сэ а,\sin b\sin c\sin A
1326,336,ка стремится к а в ка,"K\to \mathbb {A} _{K},"
1327,337,эф от вэ равно одному от о эф,f_{v}=\mathbf {1} _{O_{v}}
1328,338,бэ один,b_{1}
1329,339,помноженное на еденицу,\star 1
1330,770,ка стремится к эл,K\to L.
1331,771,е в степени и омега тэ,e^{i\omega t}
1332,772,вэ,"v,"
1333,773,а по ка,"\mathbb {A} _{K},"
1334,774,ка не меньше или равно ка,\kappa ^{+}\nleq \kappa .
1335,775,цэ,\mathbb {C} 
1336,776,эм равно эн,m=n
1337,777,икс в игрек зэд равно икс в игрек в зэд,{x^{y}}^{z}=(x^{y})^{z}
1338,778,у по лямбде и,"u_{\lambda ,i}"
1339,779,а икс квадрат плюс бэ икс квадрат плюс цэ равно нулю,"ax^{2}+bx+c=0,"
