rus,latex
логарифм а по основанию а,log_{a}{a}
а плюс а,a + a
а минус а,a - a
а умножить на а,a a
а разделить на а,a / a
а а,a a
предел а при а стремящийся к а,\lim_{a	oa}{a}
произведение а от а равно а до а,\prod_{a=a}^{a} a
сумма а от а равно а до а,\sum_{a=a}^{a} a
интеграл а от а до а по дэ а,"\int_{a}^{a} a \,da"
а в степени а,a^a
а квадрат,a^2
а куб,a^3
а в а степени,a^a
корень из а,\sqrt{a}
дробь а разделить на а,\frac{a}{a}
синус а,\sin{a}
косинус а,\cos{a}
тангенс а,	g{a}
котангенс а,\ctg{a}
секанс а,\sec{a}
косеканс а,\cosec{a}
а,a
логарифм бэ по основанию бэ,log_{b}{b}
бэ плюс бэ,b + b
бэ минус бэ,b - b
бэ умножить на бэ,b b
бэ разделить на бэ,b / b
бэ бэ,b b
предел бэ при бэ стремящийся к бэ,\lim_{b	ob}{b}
произведение бэ от бэ равно бэ до бэ,\prod_{b=b}^{b} b
сумма бэ от бэ равно бэ до бэ,\sum_{b=b}^{b} b
интеграл бэ от бэ до бэ по дэ бэ,"\int_{b}^{b} b \,db"
бэ в степени бэ,b^b
бэ квадрат,b^2
бэ куб,b^3
бэ в бэ степени,b^b
корень из бэ,\sqrt{b}
дробь бэ разделить на бэ,\frac{b}{b}
синус бэ,\sin{b}
косинус бэ,\cos{b}
тангенс бэ,	g{b}
котангенс бэ,\ctg{b}
секанс бэ,\sec{b}
косеканс бэ,\cosec{b}
бэ,b
логарифм цэ по основанию цэ,log_{c}{c}
цэ плюс цэ,c + c
цэ минус цэ,c - c
цэ умножить на цэ,c c
цэ разделить на цэ,c / c
цэ цэ,c c
предел цэ при цэ стремящийся к цэ,\lim_{c	oc}{c}
произведение цэ от цэ равно цэ до цэ,\prod_{c=c}^{c} c
сумма цэ от цэ равно цэ до цэ,\sum_{c=c}^{c} c
интеграл цэ от цэ до цэ по дэ цэ,"\int_{c}^{c} c \,dc"
цэ в степени цэ,c^c
цэ квадрат,c^2
цэ куб,c^3
цэ в цэ степени,c^c
корень из цэ,\sqrt{c}
дробь цэ разделить на цэ,\frac{c}{c}
синус цэ,\sin{c}
косинус цэ,\cos{c}
тангенс цэ,	g{c}
котангенс цэ,\ctg{c}
секанс цэ,\sec{c}
косеканс цэ,\cosec{c}
цэ,c
логарифм дэ по основанию дэ,log_{d}{d}
дэ плюс дэ,d + d
дэ минус дэ,d - d
дэ умножить на дэ,d d
дэ разделить на дэ,d / d
дэ дэ,d d
предел дэ при дэ стремящийся к дэ,\lim_{d	od}{d}
произведение дэ от дэ равно дэ до дэ,\prod_{d=d}^{d} d
сумма дэ от дэ равно дэ до дэ,\sum_{d=d}^{d} d
интеграл дэ от дэ до дэ по дэ дэ,"\int_{d}^{d} d \,dd"
дэ в степени дэ,d^d
дэ квадрат,d^2
дэ куб,d^3
дэ в дэ степени,d^d
корень из дэ,\sqrt{d}
дробь дэ разделить на дэ,\frac{d}{d}
синус дэ,\sin{d}
косинус дэ,\cos{d}
тангенс дэ,	g{d}
котангенс дэ,\ctg{d}
секанс дэ,\sec{d}
косеканс дэ,\cosec{d}
дэ,d
логарифм е по основанию е,log_{e}{e}
е плюс е,e + e
е минус е,e - e
е умножить на е,e e
е разделить на е,e / e
е е,e e
предел е при е стремящийся к е,\lim_{e	oe}{e}
произведение е от е равно е до е,\prod_{e=e}^{e} e
сумма е от е равно е до е,\sum_{e=e}^{e} e
интеграл е от е до е по дэ е,"\int_{e}^{e} e \,de"
е в степени е,e^e
е квадрат,e^2
е куб,e^3
е в е степени,e^e
корень из е,\sqrt{e}
дробь е разделить на е,\frac{e}{e}
синус е,\sin{e}
косинус е,\cos{e}
тангенс е,	g{e}
котангенс е,\ctg{e}
секанс е,\sec{e}
косеканс е,\cosec{e}
е,e
логарифм эф по основанию эф,log_{f}{f}
эф плюс эф,f + f
эф минус эф,f - f
эф умножить на эф,f f
эф разделить на эф,f / f
эф эф,f f
предел эф при эф стремящийся к эф,\lim_{f	of}{f}
произведение эф от эф равно эф до эф,\prod_{f=f}^{f} f
сумма эф от эф равно эф до эф,\sum_{f=f}^{f} f
интеграл эф от эф до эф по дэ эф,"\int_{f}^{f} f \,df"
эф в степени эф,f^f
эф квадрат,f^2
эф куб,f^3
эф в эф степени,f^f
корень из эф,\sqrt{f}
дробь эф разделить на эф,\frac{f}{f}
синус эф,\sin{f}
косинус эф,\cos{f}
тангенс эф,	g{f}
котангенс эф,\ctg{f}
секанс эф,\sec{f}
косеканс эф,\cosec{f}
эф,f
логарифм джи по основанию джи,log_{g}{g}
джи плюс джи,g + g
джи минус джи,g - g
джи умножить на джи,g g
джи разделить на джи,g / g
джи джи,g g
предел джи при джи стремящийся к джи,\lim_{g	og}{g}
произведение джи от джи равно джи до джи,\prod_{g=g}^{g} g
сумма джи от джи равно джи до джи,\sum_{g=g}^{g} g
интеграл джи от джи до джи по дэ джи,"\int_{g}^{g} g \,dg"
джи в степени джи,g^g
джи квадрат,g^2
джи куб,g^3
джи в джи степени,g^g
корень из джи,\sqrt{g}
дробь джи разделить на джи,\frac{g}{g}
синус джи,\sin{g}
косинус джи,\cos{g}
тангенс джи,	g{g}
котангенс джи,\ctg{g}
секанс джи,\sec{g}
косеканс джи,\cosec{g}
джи,g
логарифм аш по основанию аш,log_{h}{h}
аш плюс аш,h + h
аш минус аш,h - h
аш умножить на аш,h h
аш разделить на аш,h / h
аш аш,h h
предел аш при аш стремящийся к аш,\lim_{h	oh}{h}
произведение аш от аш равно аш до аш,\prod_{h=h}^{h} h
сумма аш от аш равно аш до аш,\sum_{h=h}^{h} h
интеграл аш от аш до аш по дэ аш,"\int_{h}^{h} h \,dh"
аш в степени аш,h^h
аш квадрат,h^2
аш куб,h^3
аш в аш степени,h^h
корень из аш,\sqrt{h}
дробь аш разделить на аш,\frac{h}{h}
синус аш,\sin{h}
косинус аш,\cos{h}
тангенс аш,	g{h}
котангенс аш,\ctg{h}
секанс аш,\sec{h}
косеканс аш,\cosec{h}
аш,h
логарифм и по основанию и,log_{i}{i}
и плюс и,i + i
и минус и,i - i
и умножить на и,i i
и разделить на и,i / i
и и,i i
предел и при и стремящийся к и,\lim_{i	oi}{i}
произведение и от и равно и до и,\prod_{i=i}^{i} i
сумма и от и равно и до и,\sum_{i=i}^{i} i
интеграл и от и до и по дэ и,"\int_{i}^{i} i \,di"
и в степени и,i^i
и квадрат,i^2
и куб,i^3
и в и степени,i^i
корень из и,\sqrt{i}
дробь и разделить на и,\frac{i}{i}
синус и,\sin{i}
косинус и,\cos{i}
тангенс и,	g{i}
котангенс и,\ctg{i}
секанс и,\sec{i}
косеканс и,\cosec{i}
и,i
логарифм жи по основанию жи,log_{j}{j}
жи плюс жи,j + j
жи минус жи,j - j
жи умножить на жи,j j
жи разделить на жи,j / j
жи жи,j j
предел жи при жи стремящийся к жи,\lim_{j	oj}{j}
произведение жи от жи равно жи до жи,\prod_{j=j}^{j} j
сумма жи от жи равно жи до жи,\sum_{j=j}^{j} j
интеграл жи от жи до жи по дэ жи,"\int_{j}^{j} j \,dj"
жи в степени жи,j^j
жи квадрат,j^2
жи куб,j^3
жи в жи степени,j^j
корень из жи,\sqrt{j}
дробь жи разделить на жи,\frac{j}{j}
синус жи,\sin{j}
косинус жи,\cos{j}
тангенс жи,	g{j}
котангенс жи,\ctg{j}
секанс жи,\sec{j}
косеканс жи,\cosec{j}
жи,j
логарифм ка по основанию ка,log_{k}{k}
ка плюс ка,k + k
ка минус ка,k - k
ка умножить на ка,k k
ка разделить на ка,k / k
ка ка,k k
предел ка при ка стремящийся к ка,\lim_{k	ok}{k}
произведение ка от ка равно ка до ка,\prod_{k=k}^{k} k
сумма ка от ка равно ка до ка,\sum_{k=k}^{k} k
интеграл ка от ка до ка по дэ ка,"\int_{k}^{k} k \,dk"
ка в степени ка,k^k
ка квадрат,k^2
ка куб,k^3
ка в ка степени,k^k
корень из ка,\sqrt{k}
дробь ка разделить на ка,\frac{k}{k}
синус ка,\sin{k}
косинус ка,\cos{k}
тангенс ка,	g{k}
котангенс ка,\ctg{k}
секанс ка,\sec{k}
косеканс ка,\cosec{k}
ка,k
логарифм эл по основанию эл,log_{l}{l}
эл плюс эл,l + l
эл минус эл,l - l
эл умножить на эл,l l
эл разделить на эл,l / l
эл эл,l l
предел эл при эл стремящийся к эл,\lim_{l	ol}{l}
произведение эл от эл равно эл до эл,\prod_{l=l}^{l} l
сумма эл от эл равно эл до эл,\sum_{l=l}^{l} l
интеграл эл от эл до эл по дэ эл,"\int_{l}^{l} l \,dl"
эл в степени эл,l^l
эл квадрат,l^2
эл куб,l^3
эл в эл степени,l^l
корень из эл,\sqrt{l}
дробь эл разделить на эл,\frac{l}{l}
синус эл,\sin{l}
косинус эл,\cos{l}
тангенс эл,	g{l}
котангенс эл,\ctg{l}
секанс эл,\sec{l}
косеканс эл,\cosec{l}
эл,l
логарифм эм по основанию эм,log_{m}{m}
эм плюс эм,m + m
эм минус эм,m - m
эм умножить на эм,m m
эм разделить на эм,m / m
эм эм,m m
предел эм при эм стремящийся к эм,\lim_{m	om}{m}
произведение эм от эм равно эм до эм,\prod_{m=m}^{m} m
сумма эм от эм равно эм до эм,\sum_{m=m}^{m} m
интеграл эм от эм до эм по дэ эм,"\int_{m}^{m} m \,dm"
эм в степени эм,m^m
эм квадрат,m^2
эм куб,m^3
эм в эм степени,m^m
корень из эм,\sqrt{m}
дробь эм разделить на эм,\frac{m}{m}
синус эм,\sin{m}
косинус эм,\cos{m}
тангенс эм,	g{m}
котангенс эм,\ctg{m}
секанс эм,\sec{m}
косеканс эм,\cosec{m}
эм,m
логарифм эн по основанию эн,log_{n}{n}
эн плюс эн,n + n
эн минус эн,n - n
эн умножить на эн,n n
эн разделить на эн,n / n
эн эн,n n
предел эн при эн стремящийся к эн,\lim_{n	on}{n}
произведение эн от эн равно эн до эн,\prod_{n=n}^{n} n
сумма эн от эн равно эн до эн,\sum_{n=n}^{n} n
интеграл эн от эн до эн по дэ эн,"\int_{n}^{n} n \,dn"
эн в степени эн,n^n
эн квадрат,n^2
эн куб,n^3
эн в эн степени,n^n
корень из эн,\sqrt{n}
дробь эн разделить на эн,\frac{n}{n}
синус эн,\sin{n}
косинус эн,\cos{n}
тангенс эн,	g{n}
котангенс эн,\ctg{n}
секанс эн,\sec{n}
косеканс эн,\cosec{n}
эн,n
логарифм о по основанию о,log_{o}{o}
о плюс о,o + o
о минус о,o - o
о умножить на о,o o
о разделить на о,o / o
о о,o o
предел о при о стремящийся к о,\lim_{o	oo}{o}
произведение о от о равно о до о,\prod_{o=o}^{o} o
сумма о от о равно о до о,\sum_{o=o}^{o} o
интеграл о от о до о по дэ о,"\int_{o}^{o} o \,do"
о в степени о,o^o
о квадрат,o^2
о куб,o^3
о в о степени,o^o
корень из о,\sqrt{o}
дробь о разделить на о,\frac{o}{o}
синус о,\sin{o}
косинус о,\cos{o}
тангенс о,	g{o}
котангенс о,\ctg{o}
секанс о,\sec{o}
косеканс о,\cosec{o}
о,o
логарифм пэ по основанию пэ,log_{p}{p}
пэ плюс пэ,p + p
пэ минус пэ,p - p
пэ умножить на пэ,p p
пэ разделить на пэ,p / p
пэ пэ,p p
предел пэ при пэ стремящийся к пэ,\lim_{p	op}{p}
произведение пэ от пэ равно пэ до пэ,\prod_{p=p}^{p} p
сумма пэ от пэ равно пэ до пэ,\sum_{p=p}^{p} p
интеграл пэ от пэ до пэ по дэ пэ,"\int_{p}^{p} p \,dp"
пэ в степени пэ,p^p
пэ квадрат,p^2
пэ куб,p^3
пэ в пэ степени,p^p
корень из пэ,\sqrt{p}
дробь пэ разделить на пэ,\frac{p}{p}
синус пэ,\sin{p}
косинус пэ,\cos{p}
тангенс пэ,	g{p}
котангенс пэ,\ctg{p}
секанс пэ,\sec{p}
косеканс пэ,\cosec{p}
пэ,p
логарифм ку по основанию ку,log_{q}{q}
ку плюс ку,q + q
ку минус ку,q - q
ку умножить на ку,q q
ку разделить на ку,q / q
ку ку,q q
предел ку при ку стремящийся к ку,\lim_{q	oq}{q}
произведение ку от ку равно ку до ку,\prod_{q=q}^{q} q
сумма ку от ку равно ку до ку,\sum_{q=q}^{q} q
интеграл ку от ку до ку по дэ ку,"\int_{q}^{q} q \,dq"
ку в степени ку,q^q
ку квадрат,q^2
ку куб,q^3
ку в ку степени,q^q
корень из ку,\sqrt{q}
дробь ку разделить на ку,\frac{q}{q}
синус ку,\sin{q}
косинус ку,\cos{q}
тангенс ку,	g{q}
котангенс ку,\ctg{q}
секанс ку,\sec{q}
косеканс ку,\cosec{q}
ку,q
логарифм эр по основанию эр,log_{r}{r}
эр плюс эр,r + r
эр минус эр,r - r
эр умножить на эр,r r
эр разделить на эр,r / r
эр эр,r r
предел эр при эр стремящийся к эр,\lim_{r	or}{r}
произведение эр от эр равно эр до эр,\prod_{r=r}^{r} r
сумма эр от эр равно эр до эр,\sum_{r=r}^{r} r
интеграл эр от эр до эр по дэ эр,"\int_{r}^{r} r \,dr"
эр в степени эр,r^r
эр квадрат,r^2
эр куб,r^3
эр в эр степени,r^r
корень из эр,\sqrt{r}
дробь эр разделить на эр,\frac{r}{r}
синус эр,\sin{r}
косинус эр,\cos{r}
тангенс эр,	g{r}
котангенс эр,\ctg{r}
секанс эр,\sec{r}
косеканс эр,\cosec{r}
эр,r
логарифм эс по основанию эс,log_{s}{s}
эс плюс эс,s + s
эс минус эс,s - s
эс умножить на эс,s s
эс разделить на эс,s / s
эс эс,s s
предел эс при эс стремящийся к эс,\lim_{s	os}{s}
произведение эс от эс равно эс до эс,\prod_{s=s}^{s} s
сумма эс от эс равно эс до эс,\sum_{s=s}^{s} s
интеграл эс от эс до эс по дэ эс,"\int_{s}^{s} s \,ds"
эс в степени эс,s^s
эс квадрат,s^2
эс куб,s^3
эс в эс степени,s^s
корень из эс,\sqrt{s}
дробь эс разделить на эс,\frac{s}{s}
синус эс,\sin{s}
косинус эс,\cos{s}
тангенс эс,	g{s}
котангенс эс,\ctg{s}
секанс эс,\sec{s}
косеканс эс,\cosec{s}
эс,s
логарифм тэ по основанию тэ,log_{t}{t}
тэ плюс тэ,t + t
тэ минус тэ,t - t
тэ умножить на тэ,t t
тэ разделить на тэ,t / t
тэ тэ,t t
предел тэ при тэ стремящийся к тэ,\lim_{t	ot}{t}
произведение тэ от тэ равно тэ до тэ,\prod_{t=t}^{t} t
сумма тэ от тэ равно тэ до тэ,\sum_{t=t}^{t} t
интеграл тэ от тэ до тэ по дэ тэ,"\int_{t}^{t} t \,dt"
тэ в степени тэ,t^t
тэ квадрат,t^2
тэ куб,t^3
тэ в тэ степени,t^t
корень из тэ,\sqrt{t}
дробь тэ разделить на тэ,\frac{t}{t}
синус тэ,\sin{t}
косинус тэ,\cos{t}
тангенс тэ,	g{t}
котангенс тэ,\ctg{t}
секанс тэ,\sec{t}
косеканс тэ,\cosec{t}
тэ,t
логарифм у по основанию у,log_{u}{u}
у плюс у,u + u
у минус у,u - u
у умножить на у,u u
у разделить на у,u / u
у у,u u
предел у при у стремящийся к у,\lim_{u	ou}{u}
произведение у от у равно у до у,\prod_{u=u}^{u} u
сумма у от у равно у до у,\sum_{u=u}^{u} u
интеграл у от у до у по дэ у,"\int_{u}^{u} u \,du"
у в степени у,u^u
у квадрат,u^2
у куб,u^3
у в у степени,u^u
корень из у,\sqrt{u}
дробь у разделить на у,\frac{u}{u}
синус у,\sin{u}
косинус у,\cos{u}
тангенс у,	g{u}
котангенс у,\ctg{u}
секанс у,\sec{u}
косеканс у,\cosec{u}
у,u
логарифм вэ по основанию вэ,log_{w}{w}
вэ плюс вэ,w + w
вэ минус вэ,w - w
вэ умножить на вэ,w w
вэ разделить на вэ,w / w
вэ вэ,w w
предел вэ при вэ стремящийся к вэ,\lim_{w	ow}{w}
произведение вэ от вэ равно вэ до вэ,\prod_{w=w}^{w} w
сумма вэ от вэ равно вэ до вэ,\sum_{w=w}^{w} w
интеграл вэ от вэ до вэ по дэ вэ,"\int_{w}^{w} w \,dw"
вэ в степени вэ,w^w
вэ квадрат,w^2
вэ куб,w^3
вэ в вэ степени,w^w
корень из вэ,\sqrt{w}
дробь вэ разделить на вэ,\frac{w}{w}
синус вэ,\sin{w}
косинус вэ,\cos{w}
тангенс вэ,	g{w}
котангенс вэ,\ctg{w}
секанс вэ,\sec{w}
косеканс вэ,\cosec{w}
вэ,w
логарифм ви по основанию ви,log_{v}{v}
ви плюс ви,v + v
ви минус ви,v - v
ви умножить на ви,v v
ви разделить на ви,v / v
ви ви,v v
предел ви при ви стремящийся к ви,\lim_{v	ov}{v}
произведение ви от ви равно ви до ви,\prod_{v=v}^{v} v
сумма ви от ви равно ви до ви,\sum_{v=v}^{v} v
интеграл ви от ви до ви по дэ ви,"\int_{v}^{v} v \,dv"
ви в степени ви,v^v
ви квадрат,v^2
ви куб,v^3
ви в ви степени,v^v
корень из ви,\sqrt{v}
дробь ви разделить на ви,\frac{v}{v}
синус ви,\sin{v}
косинус ви,\cos{v}
тангенс ви,	g{v}
котангенс ви,\ctg{v}
секанс ви,\sec{v}
косеканс ви,\cosec{v}
ви,v
логарифм икс по основанию икс,log_{x}{x}
икс плюс икс,x + x
икс минус икс,x - x
икс умножить на икс,x x
икс разделить на икс,x / x
икс икс,x x
предел икс при икс стремящийся к икс,\lim_{x	ox}{x}
произведение икс от икс равно икс до икс,\prod_{x=x}^{x} x
сумма икс от икс равно икс до икс,\sum_{x=x}^{x} x
интеграл икс от икс до икс по дэ икс,"\int_{x}^{x} x \,dx"
икс в степени икс,x^x
икс квадрат,x^2
икс куб,x^3
икс в икс степени,x^x
корень из икс,\sqrt{x}
дробь икс разделить на икс,\frac{x}{x}
синус икс,\sin{x}
косинус икс,\cos{x}
тангенс икс,	g{x}
котангенс икс,\ctg{x}
секанс икс,\sec{x}
косеканс икс,\cosec{x}
икс,x
логарифм игрек по основанию игрек,log_{y}{y}
игрек плюс игрек,y + y
игрек минус игрек,y - y
игрек умножить на игрек,y y
игрек разделить на игрек,y / y
игрек игрек,y y
предел игрек при игрек стремящийся к игрек,\lim_{y	oy}{y}
произведение игрек от игрек равно игрек до игрек,\prod_{y=y}^{y} y
сумма игрек от игрек равно игрек до игрек,\sum_{y=y}^{y} y
интеграл игрек от игрек до игрек по дэ игрек,"\int_{y}^{y} y \,dy"
игрек в степени игрек,y^y
игрек квадрат,y^2
игрек куб,y^3
игрек в игрек степени,y^y
корень из игрек,\sqrt{y}
дробь игрек разделить на игрек,\frac{y}{y}
синус игрек,\sin{y}
косинус игрек,\cos{y}
тангенс игрек,	g{y}
котангенс игрек,\ctg{y}
секанс игрек,\sec{y}
косеканс игрек,\cosec{y}
игрек,y
логарифм зэт по основанию зэт,log_{z}{z}
зэт плюс зэт,z + z
зэт минус зэт,z - z
зэт умножить на зэт,z z
зэт разделить на зэт,z / z
зэт зэт,z z
предел зэт при зэт стремящийся к зэт,\lim_{z	oz}{z}
произведение зэт от зэт равно зэт до зэт,\prod_{z=z}^{z} z
сумма зэт от зэт равно зэт до зэт,\sum_{z=z}^{z} z
интеграл зэт от зэт до зэт по дэ зэт,"\int_{z}^{z} z \,dz"
зэт в степени зэт,z^z
зэт квадрат,z^2
зэт куб,z^3
зэт в зэт степени,z^z
корень из зэт,\sqrt{z}
дробь зэт разделить на зэт,\frac{z}{z}
синус зэт,\sin{z}
косинус зэт,\cos{z}
тангенс зэт,	g{z}
котангенс зэт,\ctg{z}
секанс зэт,\sec{z}
косеканс зэт,\cosec{z}
зэт,z
логарифм альфа по основанию альфа,log_{α}{α}
альфа плюс альфа,α + α
альфа минус альфа,α - α
альфа умножить на альфа,α α
альфа разделить на альфа,α / α
альфа альфа,α α
предел альфа при альфа стремящийся к альфа,\lim_{α	oα}{α}
произведение альфа от альфа равно альфа до альфа,\prod_{α=α}^{α} α
сумма альфа от альфа равно альфа до альфа,\sum_{α=α}^{α} α
интеграл альфа от альфа до альфа по дэ альфа,"\int_{α}^{α} α \,dα"
альфа в степени альфа,α^α
альфа квадрат,α^2
альфа куб,α^3
альфа в альфа степени,α^α
корень из альфа,\sqrt{α}
дробь альфа разделить на альфа,\frac{α}{α}
синус альфа,\sin{α}
косинус альфа,\cos{α}
тангенс альфа,	g{α}
котангенс альфа,\ctg{α}
секанс альфа,\sec{α}
косеканс альфа,\cosec{α}
альфа,α
логарифм бета по основанию бета,log_{β}{β}
бета плюс бета,β + β
бета минус бета,β - β
бета умножить на бета,β β
бета разделить на бета,β / β
бета бета,β β
предел бета при бета стремящийся к бета,\lim_{β	oβ}{β}
произведение бета от бета равно бета до бета,\prod_{β=β}^{β} β
сумма бета от бета равно бета до бета,\sum_{β=β}^{β} β
интеграл бета от бета до бета по дэ бета,"\int_{β}^{β} β \,dβ"
бета в степени бета,β^β
бета квадрат,β^2
бета куб,β^3
бета в бета степени,β^β
корень из бета,\sqrt{β}
дробь бета разделить на бета,\frac{β}{β}
синус бета,\sin{β}
косинус бета,\cos{β}
тангенс бета,	g{β}
котангенс бета,\ctg{β}
секанс бета,\sec{β}
косеканс бета,\cosec{β}
бета,β
логарифм гамма по основанию гамма,log_{γ}{γ}
гамма плюс гамма,γ + γ
гамма минус гамма,γ - γ
гамма умножить на гамма,γ γ
гамма разделить на гамма,γ / γ
гамма гамма,γ γ
предел гамма при гамма стремящийся к гамма,\lim_{γ	oγ}{γ}
произведение гамма от гамма равно гамма до гамма,\prod_{γ=γ}^{γ} γ
сумма гамма от гамма равно гамма до гамма,\sum_{γ=γ}^{γ} γ
интеграл гамма от гамма до гамма по дэ гамма,"\int_{γ}^{γ} γ \,dγ"
гамма в степени гамма,γ^γ
гамма квадрат,γ^2
гамма куб,γ^3
гамма в гамма степени,γ^γ
корень из гамма,\sqrt{γ}
дробь гамма разделить на гамма,\frac{γ}{γ}
синус гамма,\sin{γ}
косинус гамма,\cos{γ}
тангенс гамма,	g{γ}
котангенс гамма,\ctg{γ}
секанс гамма,\sec{γ}
косеканс гамма,\cosec{γ}
гамма,γ
логарифм дельта по основанию дельта,log_{Δ}{Δ}
дельта плюс дельта,Δ + Δ
дельта минус дельта,Δ - Δ
дельта умножить на дельта,Δ Δ
дельта разделить на дельта,Δ / Δ
дельта дельта,Δ Δ
предел дельта при дельта стремящийся к дельта,\lim_{Δ	oΔ}{Δ}
произведение дельта от дельта равно дельта до дельта,\prod_{Δ=Δ}^{Δ} Δ
сумма дельта от дельта равно дельта до дельта,\sum_{Δ=Δ}^{Δ} Δ
интеграл дельта от дельта до дельта по дэ дельта,"\int_{Δ}^{Δ} Δ \,dΔ"
дельта в степени дельта,Δ^Δ
дельта квадрат,Δ^2
дельта куб,Δ^3
дельта в дельта степени,Δ^Δ
корень из дельта,\sqrt{Δ}
дробь дельта разделить на дельта,\frac{Δ}{Δ}
синус дельта,\sin{Δ}
косинус дельта,\cos{Δ}
тангенс дельта,	g{Δ}
котангенс дельта,\ctg{Δ}
секанс дельта,\sec{Δ}
косеканс дельта,\cosec{Δ}
дельта,Δ
логарифм эпсилон по основанию эпсилон,log_{ε}{ε}
эпсилон плюс эпсилон,ε + ε
эпсилон минус эпсилон,ε - ε
эпсилон умножить на эпсилон,ε ε
эпсилон разделить на эпсилон,ε / ε
эпсилон эпсилон,ε ε
предел эпсилон при эпсилон стремящийся к эпсилон,\lim_{ε	oε}{ε}
произведение эпсилон от эпсилон равно эпсилон до эпсилон,\prod_{ε=ε}^{ε} ε
сумма эпсилон от эпсилон равно эпсилон до эпсилон,\sum_{ε=ε}^{ε} ε
интеграл эпсилон от эпсилон до эпсилон по дэ эпсилон,"\int_{ε}^{ε} ε \,dε"
эпсилон в степени эпсилон,ε^ε
эпсилон квадрат,ε^2
эпсилон куб,ε^3
эпсилон в эпсилон степени,ε^ε
корень из эпсилон,\sqrt{ε}
дробь эпсилон разделить на эпсилон,\frac{ε}{ε}
синус эпсилон,\sin{ε}
косинус эпсилон,\cos{ε}
тангенс эпсилон,	g{ε}
котангенс эпсилон,\ctg{ε}
секанс эпсилон,\sec{ε}
косеканс эпсилон,\cosec{ε}
эпсилон,ε
логарифм дзета по основанию дзета,log_{ζ}{ζ}
дзета плюс дзета,ζ + ζ
дзета минус дзета,ζ - ζ
дзета умножить на дзета,ζ ζ
дзета разделить на дзета,ζ / ζ
дзета дзета,ζ ζ
предел дзета при дзета стремящийся к дзета,\lim_{ζ	oζ}{ζ}
произведение дзета от дзета равно дзета до дзета,\prod_{ζ=ζ}^{ζ} ζ
сумма дзета от дзета равно дзета до дзета,\sum_{ζ=ζ}^{ζ} ζ
интеграл дзета от дзета до дзета по дэ дзета,"\int_{ζ}^{ζ} ζ \,dζ"
дзета в степени дзета,ζ^ζ
дзета квадрат,ζ^2
дзета куб,ζ^3
дзета в дзета степени,ζ^ζ
корень из дзета,\sqrt{ζ}
дробь дзета разделить на дзета,\frac{ζ}{ζ}
синус дзета,\sin{ζ}
косинус дзета,\cos{ζ}
тангенс дзета,	g{ζ}
котангенс дзета,\ctg{ζ}
секанс дзета,\sec{ζ}
косеканс дзета,\cosec{ζ}
дзета,ζ
логарифм эта по основанию эта,log_{η}{η}
эта плюс эта,η + η
эта минус эта,η - η
эта умножить на эта,η η
эта разделить на эта,η / η
эта эта,η η
предел эта при эта стремящийся к эта,\lim_{η	oη}{η}
произведение эта от эта равно эта до эта,\prod_{η=η}^{η} η
сумма эта от эта равно эта до эта,\sum_{η=η}^{η} η
интеграл эта от эта до эта по дэ эта,"\int_{η}^{η} η \,dη"
эта в степени эта,η^η
эта квадрат,η^2
эта куб,η^3
эта в эта степени,η^η
корень из эта,\sqrt{η}
дробь эта разделить на эта,\frac{η}{η}
синус эта,\sin{η}
косинус эта,\cos{η}
тангенс эта,	g{η}
котангенс эта,\ctg{η}
секанс эта,\sec{η}
косеканс эта,\cosec{η}
эта,η
логарифм тета по основанию тета,log_{θ}{θ}
тета плюс тета,θ + θ
тета минус тета,θ - θ
тета умножить на тета,θ θ
тета разделить на тета,θ / θ
тета тета,θ θ
предел тета при тета стремящийся к тета,\lim_{θ	oθ}{θ}
произведение тета от тета равно тета до тета,\prod_{θ=θ}^{θ} θ
сумма тета от тета равно тета до тета,\sum_{θ=θ}^{θ} θ
интеграл тета от тета до тета по дэ тета,"\int_{θ}^{θ} θ \,dθ"
тета в степени тета,θ^θ
тета квадрат,θ^2
тета куб,θ^3
тета в тета степени,θ^θ
корень из тета,\sqrt{θ}
дробь тета разделить на тета,\frac{θ}{θ}
синус тета,\sin{θ}
косинус тета,\cos{θ}
тангенс тета,	g{θ}
котангенс тета,\ctg{θ}
секанс тета,\sec{θ}
косеканс тета,\cosec{θ}
тета,θ
логарифм лямбда по основанию лямбда,log_{λ}{λ}
лямбда плюс лямбда,λ + λ
лямбда минус лямбда,λ - λ
лямбда умножить на лямбда,λ λ
лямбда разделить на лямбда,λ / λ
лямбда лямбда,λ λ
предел лямбда при лямбда стремящийся к лямбда,\lim_{λ	oλ}{λ}
произведение лямбда от лямбда равно лямбда до лямбда,\prod_{λ=λ}^{λ} λ
сумма лямбда от лямбда равно лямбда до лямбда,\sum_{λ=λ}^{λ} λ
интеграл лямбда от лямбда до лямбда по дэ лямбда,"\int_{λ}^{λ} λ \,dλ"
лямбда в степени лямбда,λ^λ
лямбда квадрат,λ^2
лямбда куб,λ^3
лямбда в лямбда степени,λ^λ
корень из лямбда,\sqrt{λ}
дробь лямбда разделить на лямбда,\frac{λ}{λ}
синус лямбда,\sin{λ}
косинус лямбда,\cos{λ}
тангенс лямбда,	g{λ}
котангенс лямбда,\ctg{λ}
секанс лямбда,\sec{λ}
косеканс лямбда,\cosec{λ}
лямбда,λ
логарифм мю по основанию мю,log_{μ}{μ}
мю плюс мю,μ + μ
мю минус мю,μ - μ
мю умножить на мю,μ μ
мю разделить на мю,μ / μ
мю мю,μ μ
предел мю при мю стремящийся к мю,\lim_{μ	oμ}{μ}
произведение мю от мю равно мю до мю,\prod_{μ=μ}^{μ} μ
сумма мю от мю равно мю до мю,\sum_{μ=μ}^{μ} μ
интеграл мю от мю до мю по дэ мю,"\int_{μ}^{μ} μ \,dμ"
мю в степени мю,μ^μ
мю квадрат,μ^2
мю куб,μ^3
мю в мю степени,μ^μ
корень из мю,\sqrt{μ}
дробь мю разделить на мю,\frac{μ}{μ}
синус мю,\sin{μ}
косинус мю,\cos{μ}
тангенс мю,	g{μ}
котангенс мю,\ctg{μ}
секанс мю,\sec{μ}
косеканс мю,\cosec{μ}
мю,μ
логарифм ню по основанию ню,log_{ν}{ν}
ню плюс ню,ν + ν
ню минус ню,ν - ν
ню умножить на ню,ν ν
ню разделить на ню,ν / ν
ню ню,ν ν
предел ню при ню стремящийся к ню,\lim_{ν	oν}{ν}
произведение ню от ню равно ню до ню,\prod_{ν=ν}^{ν} ν
сумма ню от ню равно ню до ню,\sum_{ν=ν}^{ν} ν
интеграл ню от ню до ню по дэ ню,"\int_{ν}^{ν} ν \,dν"
ню в степени ню,ν^ν
ню квадрат,ν^2
ню куб,ν^3
ню в ню степени,ν^ν
корень из ню,\sqrt{ν}
дробь ню разделить на ню,\frac{ν}{ν}
синус ню,\sin{ν}
косинус ню,\cos{ν}
тангенс ню,	g{ν}
котангенс ню,\ctg{ν}
секанс ню,\sec{ν}
косеканс ню,\cosec{ν}
ню,ν
логарифм кси по основанию кси,log_{ξ}{ξ}
кси плюс кси,ξ + ξ
кси минус кси,ξ - ξ
кси умножить на кси,ξ ξ
кси разделить на кси,ξ / ξ
кси кси,ξ ξ
предел кси при кси стремящийся к кси,\lim_{ξ	oξ}{ξ}
произведение кси от кси равно кси до кси,\prod_{ξ=ξ}^{ξ} ξ
сумма кси от кси равно кси до кси,\sum_{ξ=ξ}^{ξ} ξ
интеграл кси от кси до кси по дэ кси,"\int_{ξ}^{ξ} ξ \,dξ"
кси в степени кси,ξ^ξ
кси квадрат,ξ^2
кси куб,ξ^3
кси в кси степени,ξ^ξ
корень из кси,\sqrt{ξ}
дробь кси разделить на кси,\frac{ξ}{ξ}
синус кси,\sin{ξ}
косинус кси,\cos{ξ}
тангенс кси,	g{ξ}
котангенс кси,\ctg{ξ}
секанс кси,\sec{ξ}
косеканс кси,\cosec{ξ}
кси,ξ
логарифм омикрон по основанию омикрон,log_{ο}{ο}
омикрон плюс омикрон,ο + ο
омикрон минус омикрон,ο - ο
омикрон умножить на омикрон,ο ο
омикрон разделить на омикрон,ο / ο
омикрон омикрон,ο ο
предел омикрон при омикрон стремящийся к омикрон,\lim_{ο	oο}{ο}
произведение омикрон от омикрон равно омикрон до омикрон,\prod_{ο=ο}^{ο} ο
сумма омикрон от омикрон равно омикрон до омикрон,\sum_{ο=ο}^{ο} ο
интеграл омикрон от омикрон до омикрон по дэ омикрон,"\int_{ο}^{ο} ο \,dο"
омикрон в степени омикрон,ο^ο
омикрон квадрат,ο^2
омикрон куб,ο^3
омикрон в омикрон степени,ο^ο
корень из омикрон,\sqrt{ο}
дробь омикрон разделить на омикрон,\frac{ο}{ο}
синус омикрон,\sin{ο}
косинус омикрон,\cos{ο}
тангенс омикрон,	g{ο}
котангенс омикрон,\ctg{ο}
секанс омикрон,\sec{ο}
косеканс омикрон,\cosec{ο}
омикрон,ο
логарифм пи по основанию пи,log_{π}{π}
пи плюс пи,π + π
пи минус пи,π - π
пи умножить на пи,π π
пи разделить на пи,π / π
пи пи,π π
предел пи при пи стремящийся к пи,\lim_{π	oπ}{π}
произведение пи от пи равно пи до пи,\prod_{π=π}^{π} π
сумма пи от пи равно пи до пи,\sum_{π=π}^{π} π
интеграл пи от пи до пи по дэ пи,"\int_{π}^{π} π \,dπ"
пи в степени пи,π^π
пи квадрат,π^2
пи куб,π^3
пи в пи степени,π^π
корень из пи,\sqrt{π}
дробь пи разделить на пи,\frac{π}{π}
синус пи,\sin{π}
косинус пи,\cos{π}
тангенс пи,	g{π}
котангенс пи,\ctg{π}
секанс пи,\sec{π}
косеканс пи,\cosec{π}
пи,π
логарифм ро по основанию ро,log_{ρ}{ρ}
ро плюс ро,ρ + ρ
ро минус ро,ρ - ρ
ро умножить на ро,ρ ρ
ро разделить на ро,ρ / ρ
ро ро,ρ ρ
предел ро при ро стремящийся к ро,\lim_{ρ	oρ}{ρ}
произведение ро от ро равно ро до ро,\prod_{ρ=ρ}^{ρ} ρ
сумма ро от ро равно ро до ро,\sum_{ρ=ρ}^{ρ} ρ
интеграл ро от ро до ро по дэ ро,"\int_{ρ}^{ρ} ρ \,dρ"
ро в степени ро,ρ^ρ
ро квадрат,ρ^2
ро куб,ρ^3
ро в ро степени,ρ^ρ
корень из ро,\sqrt{ρ}
дробь ро разделить на ро,\frac{ρ}{ρ}
синус ро,\sin{ρ}
косинус ро,\cos{ρ}
тангенс ро,	g{ρ}
котангенс ро,\ctg{ρ}
секанс ро,\sec{ρ}
косеканс ро,\cosec{ρ}
ро,ρ
логарифм сигма по основанию сигма,log_{σ}{σ}
сигма плюс сигма,σ + σ
сигма минус сигма,σ - σ
сигма умножить на сигма,σ σ
сигма разделить на сигма,σ / σ
сигма сигма,σ σ
предел сигма при сигма стремящийся к сигма,\lim_{σ	oσ}{σ}
произведение сигма от сигма равно сигма до сигма,\prod_{σ=σ}^{σ} σ
сумма сигма от сигма равно сигма до сигма,\sum_{σ=σ}^{σ} σ
интеграл сигма от сигма до сигма по дэ сигма,"\int_{σ}^{σ} σ \,dσ"
сигма в степени сигма,σ^σ
сигма квадрат,σ^2
сигма куб,σ^3
сигма в сигма степени,σ^σ
корень из сигма,\sqrt{σ}
дробь сигма разделить на сигма,\frac{σ}{σ}
синус сигма,\sin{σ}
косинус сигма,\cos{σ}
тангенс сигма,	g{σ}
котангенс сигма,\ctg{σ}
секанс сигма,\sec{σ}
косеканс сигма,\cosec{σ}
сигма,σ
логарифм тау по основанию тау,log_{τ}{τ}
тау плюс тау,τ + τ
тау минус тау,τ - τ
тау умножить на тау,τ τ
тау разделить на тау,τ / τ
тау тау,τ τ
предел тау при тау стремящийся к тау,\lim_{τ	oτ}{τ}
произведение тау от тау равно тау до тау,\prod_{τ=τ}^{τ} τ
сумма тау от тау равно тау до тау,\sum_{τ=τ}^{τ} τ
интеграл тау от тау до тау по дэ тау,"\int_{τ}^{τ} τ \,dτ"
тау в степени тау,τ^τ
тау квадрат,τ^2
тау куб,τ^3
тау в тау степени,τ^τ
корень из тау,\sqrt{τ}
дробь тау разделить на тау,\frac{τ}{τ}
синус тау,\sin{τ}
косинус тау,\cos{τ}
тангенс тау,	g{τ}
котангенс тау,\ctg{τ}
секанс тау,\sec{τ}
косеканс тау,\cosec{τ}
тау,τ
логарифм ипсилон по основанию ипсилон,log_{υ}{υ}
ипсилон плюс ипсилон,υ + υ
ипсилон минус ипсилон,υ - υ
ипсилон умножить на ипсилон,υ υ
ипсилон разделить на ипсилон,υ / υ
ипсилон ипсилон,υ υ
предел ипсилон при ипсилон стремящийся к ипсилон,\lim_{υ	oυ}{υ}
произведение ипсилон от ипсилон равно ипсилон до ипсилон,\prod_{υ=υ}^{υ} υ
сумма ипсилон от ипсилон равно ипсилон до ипсилон,\sum_{υ=υ}^{υ} υ
интеграл ипсилон от ипсилон до ипсилон по дэ ипсилон,"\int_{υ}^{υ} υ \,dυ"
ипсилон в степени ипсилон,υ^υ
ипсилон квадрат,υ^2
ипсилон куб,υ^3
ипсилон в ипсилон степени,υ^υ
корень из ипсилон,\sqrt{υ}
дробь ипсилон разделить на ипсилон,\frac{υ}{υ}
синус ипсилон,\sin{υ}
косинус ипсилон,\cos{υ}
тангенс ипсилон,	g{υ}
котангенс ипсилон,\ctg{υ}
секанс ипсилон,\sec{υ}
косеканс ипсилон,\cosec{υ}
ипсилон,υ
логарифм фи по основанию фи,log_{φ}{φ}
фи плюс фи,φ + φ
фи минус фи,φ - φ
фи умножить на фи,φ φ
фи разделить на фи,φ / φ
фи фи,φ φ
предел фи при фи стремящийся к фи,\lim_{φ	oφ}{φ}
произведение фи от фи равно фи до фи,\prod_{φ=φ}^{φ} φ
сумма фи от фи равно фи до фи,\sum_{φ=φ}^{φ} φ
интеграл фи от фи до фи по дэ фи,"\int_{φ}^{φ} φ \,dφ"
фи в степени фи,φ^φ
фи квадрат,φ^2
фи куб,φ^3
фи в фи степени,φ^φ
корень из фи,\sqrt{φ}
дробь фи разделить на фи,\frac{φ}{φ}
синус фи,\sin{φ}
косинус фи,\cos{φ}
тангенс фи,	g{φ}
котангенс фи,\ctg{φ}
секанс фи,\sec{φ}
косеканс фи,\cosec{φ}
фи,φ
логарифм хи по основанию хи,log_{χ}{χ}
хи плюс хи,χ + χ
хи минус хи,χ - χ
хи умножить на хи,χ χ
хи разделить на хи,χ / χ
хи хи,χ χ
предел хи при хи стремящийся к хи,\lim_{χ	oχ}{χ}
произведение хи от хи равно хи до хи,\prod_{χ=χ}^{χ} χ
сумма хи от хи равно хи до хи,\sum_{χ=χ}^{χ} χ
интеграл хи от хи до хи по дэ хи,"\int_{χ}^{χ} χ \,dχ"
хи в степени хи,χ^χ
хи квадрат,χ^2
хи куб,χ^3
хи в хи степени,χ^χ
корень из хи,\sqrt{χ}
дробь хи разделить на хи,\frac{χ}{χ}
синус хи,\sin{χ}
косинус хи,\cos{χ}
тангенс хи,	g{χ}
котангенс хи,\ctg{χ}
секанс хи,\sec{χ}
косеканс хи,\cosec{χ}
хи,χ
логарифм пси по основанию пси,log_{ψ}{ψ}
пси плюс пси,ψ + ψ
пси минус пси,ψ - ψ
пси умножить на пси,ψ ψ
пси разделить на пси,ψ / ψ
пси пси,ψ ψ
предел пси при пси стремящийся к пси,\lim_{ψ	oψ}{ψ}
произведение пси от пси равно пси до пси,\prod_{ψ=ψ}^{ψ} ψ
сумма пси от пси равно пси до пси,\sum_{ψ=ψ}^{ψ} ψ
интеграл пси от пси до пси по дэ пси,"\int_{ψ}^{ψ} ψ \,dψ"
пси в степени пси,ψ^ψ
пси квадрат,ψ^2
пси куб,ψ^3
пси в пси степени,ψ^ψ
корень из пси,\sqrt{ψ}
дробь пси разделить на пси,\frac{ψ}{ψ}
синус пси,\sin{ψ}
косинус пси,\cos{ψ}
тангенс пси,	g{ψ}
котангенс пси,\ctg{ψ}
секанс пси,\sec{ψ}
косеканс пси,\cosec{ψ}
пси,ψ
логарифм омега по основанию омега,log_{ω}{ω}
омега плюс омега,ω + ω
омега минус омега,ω - ω
омега умножить на омега,ω ω
омега разделить на омега,ω / ω
омега омега,ω ω
предел омега при омега стремящийся к омега,\lim_{ω	oω}{ω}
произведение омега от омега равно омега до омега,\prod_{ω=ω}^{ω} ω
сумма омега от омега равно омега до омега,\sum_{ω=ω}^{ω} ω
интеграл омега от омега до омега по дэ омега,"\int_{ω}^{ω} ω \,dω"
омега в степени омега,ω^ω
омега квадрат,ω^2
омега куб,ω^3
омега в омега степени,ω^ω
корень из омега,\sqrt{ω}
дробь омега разделить на омега,\frac{ω}{ω}
синус омега,\sin{ω}
косинус омега,\cos{ω}
тангенс омега,	g{ω}
котангенс омега,\ctg{ω}
секанс омега,\sec{ω}
косеканс омега,\cosec{ω}
омега,ω
